9046,1.05,0.98
51676,0.79,N/A
31112,1.63,0.46
60182,0.26,0.70
1665,1.58,-0.62
56669,1.67,0.01
53882,1.36,-0.19
10434,1.14,-0.78
27419,0.70,N/A
60491,1.54,-0.60
12109,1.67,0.10
12095,0.79,1.01
12175,0.48,-0.20
8213,1.54,N/A
5317,1.58,-0.09
58202,0.30,0.26
56112,0.92,1.10
34120,1.41,-0.39
27458,0.74,1.13
25226,0.61,N/A
70630,1.23,-0.83
13861,0.39,2.55
68794,1.58,-0.29
64778,1.71,0.46
4219,1.23,-0.22
70822,1.63,-0.69
38047,0.96,-0.09
61843,0.65,N/A
54827,1.14,-0.08
69160,0.70,N/A
43717,0.61,1.95
33879,-0.05,-0.44
39373,1.71,-0.85
54401,1.63,0.20
14248,0.21,0.10
712,1.71,-0.30
47269,1.36,0.61
24977,1.27,-0.74
47306,0.65,0.40
62602,0.26,0.13
4651,1.54,-0.64
1261,0.48,-0.05
61960,1.71,-0.32
1845,0.87,N/A
7937,0.74,-1.11
19824,1.45,0.60
37937,1.41,N/A
47472,0.65,1.24
35626,1.67,0.61
36338,-0.19,1.31
18587,1.45,N/A
15102,1.54,N/A
59190,1.58,-0.15
47167,1.49,0.32
8752,0.87,N/A
25831,0.87,0.97
38829,1.71,0.55
66400,1.54,N/A
58631,1.32,0.50
5111,0.48,-0.15
10710,0.56,1.47
55927,1.63,-0.85
65842,1.05,-0.46
19557,0.08,0.17
7356,1.41,N/A
17013,1.54,-0.62
17004,1.18,2.37
72366,1.45,-1.09
6118,0.70,0.14
7371,1.63,0.00
70676,1.45,N/A
2326,1.05,-0.10
27169,1.01,0.28
50784,0.87,-0.19
19773,0.39,-0.32
66159,1.63,-0.92
36236,1.63,-0.24
71673,1.58,-0.61
45805,0.34,N/A
42117,-0.01,2.17
57419,0.70,1.94
26015,1.01,N/A
26727,1.58,-0.76
66638,1.10,0.10
70042,0.65,N/A
32399,0.48,0.03
3253,0.79,-0.20
71796,1.18,0.43
14499,0.17,1.55
49130,1.36,-0.42
28291,1.58,0.12
51169,1.67,-0.33
66315,0.61,1.10
37726,1.63,-0.34
54385,0.08,0.06
2458,1.54,0.43
35512,1.18,-0.57
56841,0.65,0.32
8154,0.61,-0.15
4639,1.14,-0.11
12363,0.92,-0.01
63973,1.49,0.32
45277,1.36,0.73
4712,1.67,-1.21
33175,0.61,-0.05
2346,0.65,N/A
42072,0.30,0.18
12062,0.48,1.47
30456,1.58,-0.60
59125,0.43,1.61
56546,1.58,-0.80
48405,1.63,-0.60
36706,1.45,N/A
41069,0.08,3.53
71639,1.10,-0.23
53401,1.23,0.26
60744,0.79,-0.20
7547,1.36,0.31
31720,-0.23,-0.62
5563,1.49,0.27
68798,0.65,-0.11
72918,0.43,0.18
13491,1.63,0.36
44033,0.56,0.88
14164,1.27,N/A
50522,1.27,-0.06
3352,1.54,N/A
70943,1.63,-0.62
37132,1.71,0.01
48796,1.41,N/A
53440,1.32,0.97
16817,1.54,-1.12
69551,1.14,0.97
31563,-0.23,N/A
20387,1.10,-0.28
71279,1.23,1.25
55824,1.45,0.13
11762,1.45,0.76
29281,1.45,-0.24
30683,1.41,-0.29
20439,1.71,-0.50
45965,0.70,-0.65
8045,1.36,-0.90
37651,1.14,1.01
17308,1.27,0.14
67981,1.01,-0.18
41241,0.96,N/A
62861,1.54,-0.55
72081,0.61,0.51
58978,1.18,-0.36
11933,1.58,N/A
46703,1.10,0.38
32503,1.63,0.66
12482,1.10,-0.18
56939,0.52,-0.42
24669,1.49,1.02
43054,0.30,0.32
59437,0.61,1.07
66258,1.23,0.66
34567,1.67,-0.50
50931,1.45,N/A
16590,1.23,N/A
69768,-1.85,N/A
20426,1.54,2.14
3512,1.18,0.68
42899,1.54,-0.67
63453,0.56,-0.20
43364,1.58,N/A
44993,1.58,-0.84
210,1.67,0.32
28939,0.92,N/A
60739,1.58,N/A
67432,0.74,-0.32
2182,1.63,0.51
40899,1.54,N/A
14431,1.27,1.05
62466,1.63,2.05
36841,1.54,-0.43
33486,1.63,N/A
65105,1.67,-0.36
54567,0.12,0.24
66204,0.70,0.40
39912,-0.50,0.13
8003,1.49,N/A
28378,0.79,1.08
41081,0.87,0.36
16077,0.87,0.71
67895,1.71,-0.13
30184,1.71,0.08
66955,0.79,N/A
24905,0.96,2.18
66071,0.34,1.73
36255,0.70,0.84
69112,1.10,0.28
23410,1.27,-0.25
64373,0.70,0.88
58267,1.18,2.11
35684,1.14,-0.05
18937,1.58,N/A
491,1.36,-0.29
54695,1.36,N/A
68627,1.63,0.33
8580,1.49,0.40
28484,1.54,0.24
62019,0.48,0.28
51314,1.54,0.52
37060,1.67,-0.70
35578,1.54,-0.25
54921,1.54,0.60
33454,0.87,-0.64
33943,-0.19,-0.33
62439,0.34,-0.20
31179,0.87,0.23
66866,0.21,-1.07
2548,1.67,-0.94
68025,1.58,0.27
2390,1.54,-0.23
29552,0.52,1.41
25904,1.45,N/A
31421,1.32,-0.04
20463,1.67,-0.10
68023,1.58,-0.06
12689,0.87,1.69
54724,1.67,-0.39
8899,0.26,0.38
39186,0.61,0.27
32729,1.67,-0.18
39105,1.36,N/A
31154,-0.19,0.09
69959,1.63,0.83
10552,1.67,-1.53
12917,1.58,-0.94
68356,1.32,0.70
23368,1.49,-0.11
25974,1.54,-0.27
1210,1.10,1.33
28493,0.61,0.36
36857,1.49,0.47
1836,0.34,-0.06
32221,0.74,0.89
10548,1.01,-0.98
52282,0.61,0.71
45535,1.10,1.72
40460,1.10,1.48
17739,0.61,0.99
49669,-1.29,0.26
27153,1.41,0.05
34060,1.23,N/A
43424,1.54,-1.18
30669,-1.78,-1.39
30468,0.65,1.31
16523,-1.56,-1.44
56543,1.18,0.89
46136,-1.29,-1.25
32257,0.17,2.70
52800,0.39,-1.43
41413,1.41,-0.24
15266,-0.50,0.43
28674,1.36,3.27
10460,1.58,0.78
64908,1.58,-0.88
63884,-0.28,1.34
37893,-0.28,-0.36
67855,-0.14,1.72
25774,-0.36,0.52
19584,-1.03,-1.17
24447,-0.05,-0.81
49589,0.03,-0.55
17986,1.58,-0.47
29217,0.96,1.64
72911,0.61,4.08
47175,0.26,0.33
4057,1.23,-0.20
48588,0.70,-0.66
70336,-0.81,-0.56
66767,1.05,-0.06
45801,-0.23,-0.25
36275,0.48,-0.28
11577,1.18,0.29
67210,-0.72,-0.50
29908,0.17,-0.44
45222,0.65,-0.18
33759,-1.78,-1.64
40311,0.65,-0.24
26325,-1.29,0.34
65460,-0.50,-0.48
36811,-0.89,0.26
71750,0.52,-0.52
70970,-1.16,-0.70
42203,0.70,0.06
55680,-1.34,-1.35
11014,-1.73,-1.13
44338,-1.20,-1.20
20980,1.05,0.90
34974,-0.94,-0.15
71379,0.08,-0.18
58261,1.01,-0.05
67318,0.65,-0.27
28526,1.14,0.60
8831,0.65,0.03
65199,0.43,-0.05
43454,1.54,0.76
7282,0.03,-0.48
18518,1.01,0.82
41648,-0.72,-0.32
49003,-0.01,0.33
16371,-1.34,1.43
42807,0.34,1.81
40181,-0.58,0.99
66174,0.12,0.05
45538,-0.01,-0.98
6319,1.58,0.29
68249,-0.72,-0.95
55232,-0.23,-0.13
11120,1.54,0.69
41940,0.61,0.27
72214,0.79,-0.15
37089,-0.28,0.90
68614,0.21,1.25
1686,-0.63,-0.16
22284,-0.94,-0.48
39038,-1.43,-1.58
21956,-0.94,-0.78
52134,0.43,0.83
30171,-0.72,-0.58
4480,1.45,0.69
2982,0.61,1.43
65535,-1.56,-0.41
29865,-0.98,-0.89
54918,-1.12,1.21
59368,1.54,-0.36
65836,1.54,0.20
21130,-0.45,-0.38
1703,0.39,3.29
16934,0.34,0.13
28799,-1.43,-1.31
32689,0.21,-0.23
56357,1.71,-0.51
18051,0.48,-0.47
40840,0.26,-1.21
10449,-0.85,0.01
38805,-0.28,2.46
31091,-0.41,N/A
45053,0.92,0.73
61837,1.01,-0.55
9487,-0.89,-0.39
49713,1.10,-0.36
17608,0.52,0.01
28102,-0.81,-0.22
1506,0.21,-1.04
28333,1.58,0.14
62608,0.17,1.07
40670,-1.03,0.66
4630,0.74,-0.67
21284,-0.50,-0.47
49421,1.01,1.35
5973,-0.01,-0.69
42996,-0.32,-0.71
66333,0.39,4.57
46785,-0.63,-0.10
54312,1.45,N/A
21408,-0.19,-0.57
49916,1.45,0.12
7559,-1.88,-0.51
71038,-0.41,0.79
69037,1.27,0.43
58617,-0.01,1.87
69064,0.61,-1.01
9404,0.03,2.34
8171,-1.73,-1.57
28286,0.03,1.10
43232,-1.12,-0.60
10159,-0.10,0.34
34402,-0.89,-0.93
58282,0.43,0.27
64489,0.56,0.28
22706,-1.87,-1.71
71539,-0.81,-0.20
28637,-1.29,-1.07
64553,0.43,0.85
31741,-1.73,-1.55
69936,-0.19,1.64
46527,0.43,1.66
22537,-1.69,-1.59
50611,-1.73,-1.50
13547,-0.28,0.04
63732,1.18,-0.23
9608,-0.85,1.15
10504,0.52,2.00
37090,1.18,-0.78
60148,-0.41,0.55
9637,-0.76,-0.84
44862,-0.19,-0.32
52173,-0.23,1.36
5708,-1.03,-0.10
23462,-1.16,1.31
2374,0.74,0.90
11091,1.41,1.13
70374,-0.54,1.45
15528,0.65,1.61
65357,-1.69,-1.43
49465,-1.34,-0.98
31143,-0.94,1.62
66972,0.39,-0.65
55810,0.79,-0.66
37031,1.54,-0.52
34608,0.61,1.29
36007,-0.98,1.15
14123,-0.94,0.28
48298,1.63,-0.72
54975,-1.60,-1.27
27213,0.92,0.92
44749,0.92,0.94
46468,-0.23,1.48
10913,-1.38,-0.44
51983,-0.45,2.24
27029,-1.78,-1.54
22320,-0.28,2.25
45719,-0.94,-0.32
129,-0.85,-0.34
20351,1.41,0.80
530,-1.38,-1.02
55351,0.87,1.01
67431,0.39,0.70
20546,1.10,-0.85
6107,-1.69,-1.92
50305,0.56,1.45
52342,-0.01,-0.06
59906,-0.14,0.36
59729,0.43,0.68
53144,0.39,3.29
3655,-0.54,-0.55
11999,0.87,N/A
12985,1.14,1.02
38119,0.92,0.28
3355,0.92,0.38
22091,0.83,0.37
5010,-1.82,-1.39
67177,0.43,-0.05
58600,0.96,0.08
56681,-0.94,-0.88
56716,-0.76,0.06
65946,0.43,-0.01
61350,-1.03,-0.34
17291,0.87,-0.25
61465,-1.34,-0.72
18108,-0.98,-0.13
48368,0.96,1.01
36471,0.96,0.00
15689,-0.05,0.27
8233,1.27,0.06
46436,-1.34,-1.73
23221,-0.63,1.05
31830,0.70,0.20
15296,-0.05,1.19
7351,-1.34,-0.72
66196,1.41,0.17
17718,-0.45,2.08
31164,-0.01,-0.90
48272,-1.43,-0.57
2893,-1.60,-1.51
34376,-1.20,-1.20
18498,0.03,2.66
56735,1.54,-0.14
8595,-0.81,-0.48
621,1.14,-0.27
1307,0.79,3.99
35846,-0.01,-0.18
28645,-0.23,-0.10
5835,1.10,-0.20
46474,-0.76,-0.19
69687,-1.12,-0.85
2953,-0.01,-0.76
11838,-0.01,-0.29
9179,-0.50,-0.75
38165,1.67,0.47
63050,-0.81,-0.87
22470,0.79,N/A
71585,1.01,-0.81
15649,0.48,N/A
11974,-1.43,-0.43
3009,0.43,0.32
32361,1.54,-0.37
41523,-1.51,-1.13
53910,0.21,0.34
67548,-0.54,0.29
50441,-1.03,-0.92
16927,-0.98,-0.60
28265,-0.05,-0.50
33404,-0.36,0.99
50965,0.43,0.00
21077,0.74,0.10
12982,1.36,1.96
66570,-0.89,2.81
29158,0.52,1.38
34299,1.23,0.74
54375,-1.69,0.78
37832,-1.29,-0.97
21058,-1.25,0.03
7696,1.01,-0.64
34668,0.56,0.90
68483,0.74,1.57
6072,0.61,-0.23
51112,-0.63,0.55
69673,1.45,-0.44
71238,0.39,0.23
63958,-0.05,0.75
34511,1.23,-1.23
24892,0.92,0.36
29496,-0.19,0.87
19939,0.12,1.13
27832,0.34,0.10
27757,-0.54,0.88
31279,-0.94,-0.67
25099,-0.10,1.38
67733,-0.67,1.48
9201,0.03,-0.95
33123,1.10,1.52
21713,0.26,-0.53
22622,-1.47,-1.01
6726,-0.54,2.05
17242,1.05,-0.34
16380,-0.14,N/A
9729,1.18,-0.08
56974,-0.23,1.62
29933,-1.69,-1.26
65574,0.48,0.45
17019,-0.58,0.65
41800,-0.89,1.34
7621,-0.54,-0.02
6855,1.27,0.37
5374,-0.89,0.29
31564,-0.81,-1.02
26028,0.34,0.41
71808,-1.03,0.27
56998,-1.38,-0.74
14712,0.61,-0.28
23094,0.96,-0.13
43134,-1.20,-0.20
40622,-0.01,2.88
39383,-0.58,-1.08
63606,-0.63,0.09
46438,0.48,0.22
65144,0.61,0.60
545,-0.05,5.48
36331,-1.12,-0.60
42359,-1.51,-1.43
20751,-0.76,-0.80
34641,-0.14,-0.10
15791,1.49,-0.30
68241,-1.25,-0.02
67780,1.45,1.35
68275,0.39,0.79
13129,0.52,-0.13
60902,-1.69,-1.22
37629,0.52,-0.06
58439,-0.32,-0.28
62936,0.12,1.53
29010,-1.69,-1.49
36561,-0.19,-0.08
44912,-1.38,-1.63
59829,1.05,-0.16
45238,-1.83,-1.58
47811,1.27,0.88
61511,-1.90,-1.62
55424,0.92,-0.55
36942,-0.72,0.40
61697,-0.81,0.82
55138,1.67,-1.23
39399,-0.50,1.47
17148,0.61,0.23
721,0.39,-0.58
40448,0.48,-0.32
58007,-0.32,0.74
15095,-1.12,0.36
11960,0.08,0.85
56179,-0.63,-0.78
24592,0.34,-0.11
67744,-0.89,0.85
8328,0.48,1.49
32437,0.48,0.05
44315,-1.12,-1.01
68245,-0.76,-1.13
25483,1.27,-0.28
47732,-1.69,-1.34
50118,0.96,0.71
55420,-0.05,-0.15
55709,0.17,-0.99
15311,-0.85,-0.57
53660,0.61,-1.21
56553,0.34,1.71
30480,0.21,0.42
31988,0.56,-0.27
59807,-0.58,-0.44
45585,0.87,-0.69
39639,0.12,2.71
52063,0.43,-0.36
40639,-1.86,-1.45
31090,-1.25,-0.60
64174,0.70,0.24
8544,-0.85,-0.70
27377,0.43,0.26
3361,-0.19,-0.67
61408,-0.89,-1.30
33552,-0.54,-0.15
31364,-1.69,-1.55
7446,0.03,0.29
9906,-1.83,-1.51
65130,-0.14,0.12
27794,-1.60,-1.17
48993,0.56,0.03
30753,-0.05,-0.22
46809,0.21,-0.84
22853,1.71,-0.24
12465,0.39,1.68
64849,-0.05,0.68
39659,1.32,1.53
24183,0.52,0.06
71533,0.30,0.50
35565,-0.01,-0.89
34558,-0.45,1.36
42553,1.63,-0.08
39601,-0.45,2.41
46891,1.36,1.33
38987,0.96,-0.11
21886,-0.14,-0.23
5353,0.39,0.29
44300,1.01,-0.74
48144,-1.03,-1.03
46218,0.34,0.66
39745,0.74,0.15
13517,0.70,0.88
36355,0.65,0.73
22678,-0.05,0.12
2532,-0.67,-0.28
52512,0.61,0.17
3579,1.01,0.10
3130,0.56,3.27
5545,0.21,-0.71
63693,-0.28,0.85
34363,-0.72,-0.24
23650,-1.25,-0.93
53515,0.79,0.06
33528,1.63,-0.78
23046,-0.01,-1.48
11068,0.43,0.12
62233,1.18,0.96
7291,0.65,0.74
36814,0.26,-0.02
48265,0.96,-0.28
10139,0.48,-0.87
12662,1.36,-0.15
43174,0.56,1.48
72823,1.58,-0.75
30567,1.23,-0.46
41927,-0.67,-0.87
54866,-1.51,-0.11
20364,-1.73,-2.15
21117,-0.32,-0.06
50491,1.54,0.09
61013,0.39,0.93
71010,1.63,-0.78
23551,-0.67,3.41
10997,-0.23,-0.58
12738,0.56,-0.25
57772,1.41,-0.46
16615,1.45,0.82
62999,-1.47,-1.35
68995,0.21,N/A
66184,-0.14,-0.37
53010,1.71,-1.01
967,0.79,N/A
31145,-1.16,3.41
54338,0.65,-0.16
22870,-1.38,-1.07
13223,0.43,0.17
57523,-0.76,-0.89
67932,0.21,-0.01
10255,-0.81,0.93
68131,-0.72,-0.38
29873,-0.54,N/A
54182,-1.20,-0.95
61300,-1.03,-1.08
15274,-1.82,0.34
53016,-1.83,-1.85
28848,-0.67,-0.66
27012,-0.50,0.17
7745,-0.36,-1.20
20541,0.39,0.47
5892,0.52,0.68
66883,-0.05,1.80
43196,0.39,1.69
12593,-1.12,-1.17
51514,-1.34,1.63
15553,0.08,-0.93
45796,-0.63,-0.60
31840,-1.38,-1.23
58767,-0.28,-0.39
14391,-0.58,-0.72
22321,0.03,-1.03
38184,1.58,-0.06
13997,-0.23,0.17
41673,0.08,-0.74
27796,1.01,-1.55
18390,-1.07,1.35
63409,0.26,0.62
9752,1.01,0.73
72882,0.17,-0.50
49744,0.70,1.91
49086,-0.89,-0.23
40866,1.58,-0.38
47523,-0.28,-0.79
63561,1.54,-0.23
51422,1.18,-0.42
56870,-0.41,-0.06
3590,-0.67,3.64
60665,-0.63,0.88
40791,-1.34,-1.20
54304,-0.94,0.29
22485,0.56,1.87
18430,1.67,0.29
19234,-0.67,-0.69
52454,-1.51,-1.30
13365,0.30,-0.57
60983,1.18,0.06
14615,-0.58,1.03
50277,0.34,0.06
50811,-0.85,1.22
16575,-1.16,-0.69
1246,-0.01,N/A
11176,-1.51,-1.60
30712,0.30,0.89
31308,0.26,0.89
9612,-1.65,-1.09
3325,-0.58,0.43
52808,1.32,-0.13
41513,-1.03,-0.84
36109,-0.05,0.37
53336,1.58,0.10
56831,0.52,-0.23
52580,-0.72,-0.56
55592,1.23,0.00
33723,-1.51,N/A
26235,-0.89,-0.55
16685,1.23,0.34
44583,0.56,0.43
25315,-0.54,1.55
58227,0.92,0.14
60810,0.12,-0.32
34612,0.52,0.14
8320,-1.82,-1.03
25595,0.65,1.92
30550,1.54,0.22
49529,-1.86,-1.49
13367,-0.36,0.03
33585,0.92,-0.19
49785,-1.12,-0.69
6886,-1.07,0.37
38609,0.17,-0.69
22159,0.48,-0.05
37413,-0.19,0.48
4169,-0.28,3.22
40055,-1.16,-0.42
18888,-1.03,1.57
45283,-0.54,-0.24
42503,0.56,-0.97
23645,-0.54,0.69
62382,1.71,0.08
59521,-0.45,0.34
55386,-0.05,-0.36
22685,-1.03,-0.18
46745,-0.94,-0.30
72547,0.79,0.55
26973,-0.54,1.44
41033,-0.54,0.46
5046,-1.16,-0.70
71442,-0.58,0.46
49624,1.14,-0.64
10572,0.87,0.08
55847,-1.07,-0.62
42441,-1.60,-1.43
28910,0.34,-0.34
10381,-0.23,0.56
14387,-1.82,-1.46
31956,0.65,0.01
17813,1.14,-0.92
24665,0.92,1.13
13683,-0.54,1.64
7387,0.70,-0.60
57011,0.48,0.28
22384,-0.85,-0.74
24108,-1.07,-0.48
50053,-1.16,1.58
69427,-0.63,-0.79
21688,-0.05,-0.62
60777,-0.54,-1.07
64732,-0.63,-1.08
42710,-0.89,-0.16
46683,-0.81,-0.24
58909,-1.29,-0.32
51125,1.01,0.76
29077,1.49,0.78
4970,1.58,-0.05
58291,0.39,0.43
18616,-0.10,-0.64
99,-0.54,2.98
55529,-0.19,-0.32
12204,0.34,-1.02
21397,-0.14,-0.71
64633,0.21,0.48
23016,0.52,-0.30
18412,-0.10,-0.13
67412,-0.19,0.18
37545,-0.10,-0.16
10324,-1.69,-1.82
14491,-0.23,1.53
64582,-0.14,-0.06
25514,-1.38,-0.66
7663,-1.03,-0.13
66220,0.43,-0.47
71793,-0.98,0.70
25458,1.18,0.99
69645,0.79,-0.85
53695,1.18,-0.22
26692,-0.23,-0.20
33400,0.70,-0.20
67078,-0.32,1.69
32352,-0.54,-0.32
22540,0.96,1.34
26999,0.79,0.75
65218,-1.82,-1.13
30102,0.39,0.66
49521,-0.45,0.32
54643,-1.69,-1.41
29134,-0.50,2.19
68281,0.48,-0.10
40350,0.34,-0.53
33410,-0.19,-0.79
39375,-0.14,0.73
2543,-1.07,-0.95
45289,-1.51,-0.19
12106,0.43,0.98
10792,-0.89,0.51
19153,-1.07,-0.53
47876,-1.87,-0.95
25283,0.21,0.54
12270,1.23,-0.28
49949,0.03,-0.57
50826,0.43,-0.39
28681,1.18,0.69
41615,-1.85,-1.37
14147,0.26,1.90
41537,-1.16,-0.25
62332,-0.14,0.98
25488,0.12,-0.51
45759,-0.50,-0.16
71929,-1.82,-1.02
14807,-0.14,0.18
16110,-1.07,1.08
40970,-0.01,0.89
28933,0.12,2.73
11709,1.23,0.33
37154,-0.54,-0.57
16809,-0.10,1.27
13907,0.96,-0.04
2314,0.39,N/A
70380,-1.03,-0.18
63058,1.49,N/A
54071,0.34,1.89
67405,-0.28,-0.24
28024,0.26,0.05
11730,0.83,0.74
2549,-1.16,N/A
17245,-0.67,1.40
70852,1.63,-0.28
60957,0.08,-0.52
19742,-0.28,0.10
10782,-1.78,-1.65
61742,-0.76,0.32
4808,1.23,N/A
13571,0.65,-0.14
49928,0.70,0.84
52688,1.36,0.36
24099,-1.16,0.55
65698,0.83,-0.15
47885,-0.28,0.38
13948,-1.07,-0.39
17351,0.70,-0.15
820,0.70,-0.70
55721,0.83,-0.58
72310,1.63,0.18
24115,0.48,0.03
65766,-0.72,-1.12
42482,-1.73,-0.98
25627,1.67,0.34
7122,-0.10,1.62
48755,-0.72,0.96
33551,0.34,0.20
62716,0.70,0.50
68438,0.34,0.43
41148,1.23,0.15
14924,0.21,0.74
47950,0.26,0.10
8008,-0.36,N/A
56089,-0.81,0.31
9262,-0.54,0.85
71896,1.10,0.80
38623,-0.19,-0.16
26503,-0.50,0.80
5475,-0.19,-0.10
15525,0.87,0.37
48748,1.14,-0.71
11745,-0.63,-0.01
17733,-1.84,-1.20
71591,0.65,0.14
11743,-0.50,-0.43
67864,0.87,-0.01
34857,0.61,1.44
34995,1.49,0.51
3606,-1.56,-0.83
22952,-0.98,1.02
32554,-1.20,-1.16
45893,-1.56,-2.11
72020,1.23,0.45
57879,1.36,-0.52
53538,-1.60,-1.59
17006,-1.07,0.89
36638,0.92,-0.75
41097,-0.89,6.25
36618,1.41,0.20
37290,1.63,-0.27
54620,-0.14,0.82
42108,-0.85,-0.13
19681,1.36,-0.87
6988,0.39,1.20
25287,0.48,1.54
224,-0.89,N/A
56679,-1.07,-0.78
27146,-0.89,0.15
16556,-1.34,-1.03
5934,0.34,0.36
58999,0.74,0.15
28261,1.58,0.24
35222,1.41,1.75
44105,1.14,1.05
65256,0.61,0.68
62709,0.17,1.85
36698,-0.45,-1.30
7273,0.34,0.65
20044,0.17,-0.72
54769,-1.25,1.63
57372,-1.87,-1.76
30605,-1.03,-1.06
13622,-1.65,-1.27
12686,0.30,-0.29
39250,-0.54,0.15
2879,-1.25,0.41
59684,-1.78,-1.76
48830,-0.58,0.59
56986,-1.16,-0.70
47924,-0.85,1.82
16402,-1.69,-1.25
40889,-0.45,-0.36
4083,-0.58,-1.48
59336,1.01,0.41
5684,-0.14,N/A
48843,-0.72,0.19
5694,-0.98,0.13
3673,0.52,0.50
44481,-1.07,-0.79
10538,1.41,-0.02
9648,1.23,0.80
19101,-1.20,-0.83
31867,0.26,0.43
11973,-1.47,-1.31
23633,-0.28,1.68
52549,0.70,1.16
59178,-1.60,-0.84
37349,0.79,0.57
44281,-0.41,-0.72
55599,-1.51,-1.39
45224,0.12,-1.12
54747,-1.87,-1.23
2751,0.30,-0.02
6090,-1.07,-0.10
46385,-0.98,-0.80
46323,-1.82,-1.39
28122,-0.28,-0.95
50843,-1.03,-0.14
64464,0.30,-0.16
66922,0.79,0.42
66494,0.21,-0.51
42786,1.71,-0.23
33401,0.92,-0.55
24174,0.30,-0.55
60211,-1.85,-1.27
53279,-1.90,-1.60
61715,0.52,0.37
37830,-0.63,-1.01
2454,-1.73,-1.12
60663,1.18,0.03
46875,-0.36,0.43
69091,1.63,0.06
1821,0.48,2.71
44978,-0.19,2.04
3437,-0.76,-0.05
6355,-1.65,-1.20
10762,-0.10,2.05
58567,-0.05,-0.78
62187,-1.51,-0.43
84,0.52,0.33
8521,1.23,0.34
72779,-1.29,0.27
45824,1.49,0.08
61838,0.30,-0.74
57212,0.26,0.23
62668,0.34,2.01
33142,1.58,0.59
17437,0.87,-0.38
38303,1.01,-0.08
12396,-1.03,-0.27
36484,-0.28,-0.14
60047,-0.94,0.90
16542,0.74,-0.87
18805,-0.19,1.21
17869,0.43,0.15
6793,0.52,-0.34
49265,0.87,-0.29
6606,0.61,0.47
23031,1.71,-0.24
69330,0.56,-0.46
22902,-0.10,0.38
69622,-1.56,-1.34
4807,-0.41,0.19
9641,1.41,-0.09
10313,0.61,0.87
12097,1.27,0.78
58037,-0.98,-0.22
45323,0.34,-0.75
34281,-1.25,-0.50
7990,-0.85,-0.56
57622,-0.58,0.26
39120,1.71,-0.37
68344,0.83,-0.22
66752,1.58,0.19
11691,-1.07,-0.92
5077,0.08,0.03
13319,-1.69,-1.44
49279,0.61,0.04
53815,-0.54,-0.10
42856,0.79,-0.29
51579,-0.72,-0.25
10752,0.79,0.93
42133,0.43,-0.38
4842,1.45,1.53
58138,0.61,0.33
58203,-1.51,-0.71
65053,-0.41,1.11
24168,0.34,1.39
5824,0.79,0.79
6965,-1.07,-0.89
8332,0.30,3.12
61973,1.63,0.70
42821,-1.34,-0.62
18687,0.52,0.05
72642,1.05,-0.37
54782,-0.58,0.31
55862,1.05,0.27
24437,1.71,-0.30
10367,-1.69,-1.64
42550,1.67,-0.99
14178,0.21,1.69
65429,1.01,-0.15
66530,-0.23,-0.67
43146,-1.56,-1.35
3509,0.17,1.96
57497,-0.72,-0.20
15220,0.43,3.35
4813,-0.72,2.01
31166,-0.32,0.54
9051,0.30,0.14
28669,-0.50,1.43
59894,0.65,-0.74
18684,1.32,0.18
35866,0.83,0.20
51907,0.30,-0.78
7250,0.34,1.67
16147,-1.07,0.13
18306,-0.58,-0.62
69143,0.08,0.99
61769,-0.58,-0.85
26134,-0.67,-0.43
67603,1.18,0.69
66772,-1.90,-1.64
41861,-0.89,-0.42
954,-1.12,-0.71
37888,-0.10,1.62
34326,0.39,0.85
42329,1.49,-0.88
23565,-0.41,-0.27
27323,1.05,0.38
57854,-1.84,-1.17
18414,-0.89,N/A
72836,0.70,0.28
17708,0.83,0.70
66321,0.17,0.55
53817,1.23,N/A
66678,-0.94,-0.93
56734,-0.45,-0.44
32240,-0.72,1.62
28127,0.03,0.54
20347,-1.12,-0.90
40824,0.17,0.14
38678,1.01,0.80
29380,-0.05,0.85
809,-1.34,N/A
65453,0.56,-0.14
9415,1.14,0.05
30989,0.96,1.06
65258,0.43,-0.36
67052,-0.32,-0.93
62756,1.14,-0.79
69224,-1.07,0.17
13323,-1.78,-1.39
59940,-1.25,-0.14
49042,0.70,-0.69
66362,0.79,1.57
46093,-0.67,-0.79
10370,0.39,0.04
156,-0.45,1.69
11105,1.63,-0.62
22363,0.17,2.11
46072,-1.82,-1.21
65667,0.21,-0.09
47848,-1.84,-1.12
71440,-0.76,-0.22
35231,0.83,-0.30
59734,-1.84,-1.44
1893,-0.23,1.77
32733,-0.67,0.05
34728,1.05,-0.97
30352,0.61,0.12
61338,-0.14,-0.61
59275,-1.47,0.80
45497,0.52,-1.29
19996,-1.60,-1.46
50371,0.56,0.33
32687,-0.28,0.13
35295,1.14,-0.20
15746,0.08,-0.10
31517,-0.67,0.00
43268,0.39,-0.47
54540,0.12,-0.58
20973,0.08,1.15
56245,-0.98,-0.09
9225,-1.73,-1.34
45955,0.08,-0.74
3532,1.23,1.34
41291,0.12,0.08
53943,-1.78,-1.35
52550,1.58,-0.02
47414,1.23,0.51
38804,1.36,-0.28
72861,0.39,-1.12
53276,0.26,-1.44
30944,-0.50,1.89
33622,0.83,1.55
26191,1.54,-0.27
69312,0.21,0.29
39661,-1.12,-0.19
20162,1.63,-0.48
48989,-0.41,0.52
30411,-0.14,0.23
47735,0.70,1.78
51162,-1.43,-1.86
8598,-0.36,0.55
57347,-0.63,1.80
4683,-0.89,-0.84
55775,0.70,0.50
32645,0.03,0.20
46643,0.83,0.90
782,-0.50,-0.30
63565,-1.82,-1.12
13602,1.32,N/A
28326,1.58,-0.10
26389,-1.82,-1.62
16906,-0.01,0.14
35140,-0.01,0.31
16837,0.83,-0.28
2750,1.32,1.12
47585,-0.54,0.88
37404,-0.05,-0.24
39518,-1.03,-1.04
70678,0.52,-0.85
542,-1.78,N/A
38649,-0.89,1.61
53266,-0.45,0.59
26031,-1.29,-0.90
1191,1.58,-0.87
36820,0.92,0.17
62783,1.45,1.25
10133,0.12,0.41
19778,1.63,1.58
38255,-0.98,-1.12
41565,-0.45,-0.87
39423,-0.50,-0.51
68908,-1.88,-0.75
22440,0.26,0.05
28418,-0.10,-0.78
22566,-0.28,0.34
7055,0.65,-1.21
69177,1.58,-0.81
33162,-0.89,0.34
44764,1.54,0.03
32157,0.34,N/A
61983,-0.10,1.85
72268,1.10,-0.30
39467,-0.58,0.10
20282,-1.83,-0.90
51159,-0.50,-0.70
7167,-1.03,-0.75
59147,-1.03,-0.94
18192,-1.47,-1.82
14049,-1.56,-0.05
35927,0.96,0.01
28150,0.96,-0.25
8727,0.12,0.09
7516,0.43,-0.05
6419,1.58,-0.43
20425,-0.01,0.20
59878,0.56,-0.75
69355,-1.78,-0.78
5858,-0.50,0.32
39823,-0.10,0.80
37053,0.43,-0.71
2082,-0.36,N/A
48073,1.05,0.29
16449,-0.45,-0.52
5447,-0.98,-0.39
27145,-0.76,2.48
30328,1.14,1.81
739,1.32,N/A
44224,-1.25,-0.14
533,-1.78,-0.95
45554,-1.86,-0.87
32884,1.63,0.37
55744,-1.82,-1.12
28414,0.30,0.03
25767,-0.58,-0.80
71319,-1.25,-0.48
70031,1.23,0.56
23604,-1.73,-1.65
46576,-1.82,-1.03
31293,-1.43,-1.20
70610,0.08,1.29
6044,-0.94,-0.74
62284,0.87,-1.29
5821,0.30,2.76
22295,-0.81,0.94
27583,0.26,0.50
9696,-0.19,0.88
1164,-0.01,-0.28
48781,1.05,-0.33
50947,0.21,-0.30
47844,-0.23,1.89
45209,-1.29,-0.53
49412,0.87,2.20
43088,-0.28,2.62
16355,-1.03,1.83
43172,0.74,0.26
43155,-1.34,1.25
11882,-0.41,-0.04
45669,-0.94,0.17
65339,0.12,0.20
60399,0.43,0.64
59604,-0.67,-0.04
22488,0.83,-0.56
33187,-1.65,N/A
44192,-1.43,-1.49
16114,1.01,-0.22
35293,1.63,-1.22
728,-1.56,-1.32
45788,0.43,0.40
52150,0.87,1.99
26172,-0.54,1.03
67814,-0.01,0.24
12618,1.58,-0.53
28952,-1.56,-1.35
39123,-0.23,1.92
53967,1.63,-0.16
34772,0.26,2.10
43124,0.30,-0.05
51916,-1.34,-1.44
68003,0.12,N/A
59157,1.32,-0.18
54383,0.74,0.50
6928,0.03,0.08
321,1.58,0.96
21857,-1.69,-0.36
33526,0.34,0.82
37327,1.23,N/A
55976,-1.69,-1.37
56090,0.96,-0.23
38350,1.67,-0.75
6040,0.12,3.32
17639,0.03,-0.29
1678,0.48,N/A
27572,-0.81,-0.61
57668,0.26,0.18
22001,1.63,0.42
54184,-0.94,-0.30
27966,0.79,0.22
4702,-1.78,-0.39
38123,0.30,1.66
47345,0.08,0.04
17222,0.52,1.96
45048,-0.98,0.03
30084,-1.88,-1.45
7195,0.30,0.38
16260,1.32,0.42
52457,0.65,-0.37
50650,-0.58,-0.44
35913,0.52,3.30
52306,0.61,-0.13
132,1.63,N/A
8951,1.49,0.50
64752,-0.63,0.65
51285,0.12,-0.43
14349,-0.14,0.85
40571,-0.63,-0.08
40624,-0.28,1.02
13072,-0.36,-0.87
66310,0.48,0.33
58101,0.56,-0.28
22969,-0.76,-0.51
28904,1.41,0.45
6563,0.03,0.42
55315,0.87,0.18
47537,-1.16,-0.02
45945,0.12,-0.61
65849,0.17,-0.46
31125,0.30,-0.52
5103,0.26,N/A
54526,1.45,0.75
67309,0.17,1.31
2275,0.17,-0.53
29869,0.26,-0.04
15757,1.23,-0.15
38523,0.96,0.54
65388,-0.14,-0.20
60816,1.71,-1.09
67350,0.92,0.64
40124,1.27,N/A
20370,0.30,-0.08
35188,-0.14,0.45
28716,1.36,-1.17
56166,-0.58,0.61
47159,1.10,0.84
26242,-1.65,-1.13
36226,-1.73,-1.60
47357,0.74,0.96
33167,0.70,-0.10
21042,1.27,-0.25
71062,0.83,0.06
32723,-1.34,-1.49
49646,1.27,-0.30
35737,-1.86,-1.20
24256,-0.36,0.22
62340,0.48,0.38
39927,-0.14,-0.29
30677,-1.78,-1.15
50453,-1.82,-1.39
17398,-0.10,-0.28
20938,0.79,-0.46
21850,0.65,0.32
14241,-1.16,-0.99
43905,0.92,-1.40
40144,-0.50,-0.18
7806,-0.05,1.11
63984,-0.19,-0.61
13504,-1.47,-1.37
62272,1.54,0.27
5878,1.10,-0.29
62767,-0.85,1.25
239,0.70,-0.22
3184,0.08,-0.14
51959,-1.38,-0.08
2092,-0.28,-0.18
69239,-0.01,1.83
68235,-1.38,-1.12
3956,-1.34,-0.38
42703,1.36,-0.39
34436,-1.82,-1.59
39258,0.70,0.06
40513,-0.98,0.00
48648,0.52,-0.28
48836,-1.29,-0.14
71444,0.43,1.25
33983,1.41,-0.27
35372,-0.28,0.92
31849,0.26,-0.28
2772,0.52,-0.24
11148,0.61,-0.98
62387,0.08,-1.01
50775,0.12,1.08
3807,-1.38,-0.30
51339,-1.38,0.00
69259,1.49,0.08
32826,-1.65,-1.43
12414,1.45,0.76
21381,0.39,-0.10
29375,0.83,1.01
62452,1.71,0.56
68650,1.14,0.04
47622,1.54,0.65
57124,-0.28,0.64
19382,0.30,-0.02
44179,-0.10,-0.99
50098,0.48,1.19
24674,-0.01,-0.15
72361,-0.28,0.88
14563,-1.51,-0.23
40237,-1.43,-1.07
36523,0.56,0.85
65970,-1.69,-1.69
1577,-1.16,1.80
51109,-1.65,-1.41
5984,-0.81,N/A
46373,0.61,-0.39
13062,-1.12,-1.07
47770,-1.82,-1.15
32459,1.45,-0.57
12687,-1.87,-1.35
7725,0.48,0.79
67217,0.08,0.79
49976,0.48,1.05
71318,1.05,0.06
42201,0.43,0.36
11232,0.17,0.32
14709,0.03,0.54
57137,0.96,-0.05
36858,-0.14,-0.62
50373,-1.78,-1.39
51124,1.67,-0.16
13191,-0.85,-1.53
47330,-1.51,-1.59
42191,0.39,0.79
35332,0.87,-0.01
49341,1.54,-1.44
64750,-0.94,-0.97
70259,-1.82,-1.17
36960,1.58,1.07
12992,0.26,0.84
4692,1.36,-0.43
62460,0.83,0.14
72132,-1.20,-0.89
41402,0.83,2.11
40253,-0.72,N/A
63577,0.30,0.76
11726,0.26,-1.22
13736,-0.85,0.41
43913,-0.98,-0.25
41870,-1.16,0.46
37907,-0.94,-1.20
15987,-1.34,0.36
57166,-0.98,-1.01
44950,0.34,N/A
47627,-1.56,-1.09
42460,0.21,N/A
8723,-1.20,-0.94
52559,-1.12,1.47
937,-1.60,N/A
41271,1.10,0.15
66893,0.26,1.44
21491,1.63,0.74
51806,-0.54,-0.38
59412,-0.81,-0.66
742,-0.19,0.69
42902,-0.36,0.69
43059,1.23,-0.33
61512,1.23,-0.87
10943,-0.14,0.56
11447,-0.10,1.07
29233,-1.82,-1.07
17762,-1.78,-1.25
46284,0.43,0.74
1405,-1.83,-1.60
38493,0.74,-0.11
57953,-1.69,-1.49
30746,-0.58,1.55
16949,0.26,-0.50
45297,1.10,-0.18
40251,-0.89,-0.94
27013,-1.82,-1.76
7586,-0.85,0.09
26452,-0.10,0.17
16378,0.87,0.76
5137,0.92,0.23
4559,-0.23,0.97
45357,-1.86,-0.94
45257,-0.23,0.55
34386,-0.01,2.71
15219,-0.72,-0.84
39202,0.79,N/A
9076,-0.05,-0.20
72824,0.12,-0.08
64132,1.05,0.38
52987,-0.41,-0.51
17827,0.34,0.48
29378,1.49,-0.32
29327,-0.58,-0.52
48609,1.67,0.23
4833,-1.38,-0.44
8085,-1.12,0.40
41820,-0.36,-0.57
72474,1.71,-1.08
32094,0.43,0.08
66818,1.41,-0.57
49057,-0.50,-0.78
18070,-0.72,-1.13
17860,0.56,0.94
17078,1.23,0.50
23836,1.54,0.70
5296,0.03,0.20
48184,0.83,0.10
9511,-0.72,1.02
19389,-0.05,0.68
25559,1.01,1.03
11770,-0.81,N/A
34496,1.71,2.37
8096,0.26,-0.60
49709,1.49,0.22
19735,0.70,3.04
31415,0.48,1.24
71322,-0.23,0.50
72337,0.52,1.78
25454,-1.34,-0.38
15310,0.08,-0.53
10245,0.48,0.88
29224,-0.58,N/A
7550,0.34,0.29
57917,0.17,-0.36
24219,-0.81,0.24
49023,0.79,1.48
51020,0.52,-0.47
52089,-0.89,-0.02
29095,1.23,N/A
41424,0.70,0.19
7297,-1.73,-1.74
68994,0.96,0.98
25935,0.30,0.71
29910,-0.05,-0.66
24567,0.34,0.87
54858,1.01,1.27
36679,-0.94,1.41
59339,-1.69,-1.34
18754,-1.07,0.01
34312,0.17,-1.06
57798,-1.38,-0.09
37759,0.43,4.83
11605,-0.76,-0.34
47558,0.83,0.75
54264,1.67,0.71
47893,0.87,0.22
3178,-0.81,3.34
61924,-1.56,-1.29
18141,1.45,0.03
58015,0.03,-0.87
354,0.96,0.00
5777,0.48,0.74
43271,-0.85,-1.09
46210,0.96,-0.48
39714,-1.38,-1.36
21785,-0.45,-0.43
36620,1.36,0.70
49495,-1.12,2.50
21720,1.49,-0.47
6304,0.21,0.46
18887,0.39,1.68
30214,-0.89,-1.20
66419,-0.81,-0.15
57468,0.03,-0.48
24218,1.54,0.09
69792,-0.28,0.51
6372,-0.50,3.44
34664,1.05,-0.48
40931,-0.10,-0.53
28559,-1.82,-1.45
15166,1.41,-1.03
49815,-1.16,-0.71
1625,-1.34,-0.78
56309,-0.81,-0.29
30116,0.61,-0.43
52034,-0.54,-0.39
35584,0.79,-0.44
2898,0.12,3.62
16593,0.17,N/A
17175,-1.25,-1.11
63663,0.17,-0.15
10603,1.10,-0.74
40544,-1.89,-1.86
49152,-0.14,-0.71
1231,0.83,-0.70
43672,0.08,-0.78
25107,0.17,0.26
39286,-0.36,-0.06
32766,0.34,1.66
15988,0.74,0.69
9011,0.70,-0.48
38043,-1.86,-2.37
71721,-1.12,0.37
14832,1.67,0.37
38094,-1.25,-0.75
49789,1.32,-0.44
47350,-1.91,-1.88
33525,0.43,0.79
12318,0.08,-0.25
54553,1.18,0.52
45976,0.56,-0.87
43675,-1.60,-1.03
12915,1.01,0.14
4542,0.43,1.92
65801,-1.03,-1.57
59953,-1.25,-0.06
60973,0.34,-0.33
68739,-0.41,1.34
35829,-0.45,-1.68
53909,0.43,0.66
5799,1.14,0.12
43772,-0.67,-0.67
3154,1.67,-1.35
45754,-1.03,-0.08
57485,-1.85,-1.32
6128,-1.82,-1.34
22623,1.49,-0.61
37082,-0.23,-0.43
64541,-0.89,-0.46
47037,1.05,1.40
48614,0.70,-0.01
15969,-0.10,1.06
17752,1.45,N/A
50889,-0.98,2.66
56459,-0.10,0.69
34163,0.48,0.01
4538,-0.63,N/A
14222,-0.81,1.06
31461,0.21,N/A
34001,-1.65,-1.21
48964,-0.98,-0.34
40393,-0.50,-0.99
16488,0.61,N/A
47947,0.92,0.34
51149,1.18,0.05
17079,0.03,-0.06
44781,0.74,0.82
29385,0.56,1.43
53610,0.43,1.29
48210,0.70,0.33
48072,0.43,-0.05
32776,0.87,-0.05
8960,-0.05,3.45
63491,0.87,-0.04
51883,0.39,0.80
20460,0.83,0.46
47181,1.10,0.89
35432,-0.32,-0.48
44010,-1.78,-1.54
50841,-0.14,-0.13
71044,-1.56,-1.60
1842,0.65,N/A
34720,0.08,N/A
9489,0.96,-0.95
28725,-0.67,0.48
30290,-0.14,-0.67
13723,0.96,-1.16
26328,0.65,0.54
60104,0.03,-0.10
48722,0.48,1.27
14481,1.58,-0.65
67963,0.83,0.62
70752,-0.28,-0.28
52419,1.01,N/A
14711,0.87,0.42
26366,-0.72,-0.10
12436,-1.65,-0.97
36722,-0.58,1.92
37698,-1.25,-0.94
55235,0.30,1.07
20468,-0.50,2.03
14677,-0.45,-0.95
44171,0.83,0.43
70344,1.71,0.83
8470,1.23,-1.17
42743,-1.03,0.31
13949,0.03,0.84
61096,0.61,-0.39
19239,0.30,0.50
70447,0.30,0.89
6879,0.03,1.64
37451,0.17,-0.20
5686,-0.36,-0.15
4789,-1.56,-1.97
897,-1.78,-1.51
69553,-0.63,-1.13
58438,-0.32,1.53
29104,-1.07,1.22
26862,-0.10,0.26
38036,-0.89,0.57
36666,-1.29,-1.50
16316,-0.36,-0.04
61365,0.08,-0.62
12512,0.39,0.40
31835,-1.07,-0.06
4099,-0.98,-1.09
26893,-1.56,0.62
35143,-0.36,1.82
1486,-0.45,-0.79
5043,0.43,0.13
2513,0.70,N/A
5451,-0.41,N/A
3640,-0.54,0.13
17835,-0.01,-0.79
26826,0.79,-1.63
45713,0.61,0.62
37660,-1.43,-0.80
24782,-0.32,-0.43
63416,-1.20,-0.81
16953,0.74,-0.13
42082,-1.34,-0.69
51660,1.14,0.42
27135,1.14,N/A
54058,-0.94,0.13
24272,0.87,-0.02
16028,0.08,1.06
49645,0.65,-0.85
54347,0.79,-0.29
4861,-0.58,-0.55
54353,1.54,1.63
71016,1.10,-0.34
33768,-1.20,-0.23
62681,-0.23,1.64
41007,-0.19,0.68
35450,0.34,-1.23
62793,-0.28,-0.47
66592,-1.20,-1.30
33462,-0.19,1.80
29804,-0.85,-0.09
33906,0.34,0.74
43510,0.30,-0.43
21202,-0.72,1.39
7222,1.32,-1.03
13561,0.96,-0.09
29179,1.45,0.27
5511,1.01,N/A
20825,0.43,-0.93
67144,0.96,-0.34
15515,0.21,N/A
3753,-0.54,-0.37
27279,-1.84,-0.81
48759,0.08,-0.62
69524,0.56,0.33
28443,0.83,0.94
38578,-0.36,-0.44
66502,-1.20,0.42
50978,-0.54,1.39
9034,-1.69,-1.31
16582,-0.76,0.23
28500,-1.47,-1.59
70241,-0.94,-1.07
32452,1.71,-0.02
45573,0.30,0.01
64412,0.17,-0.57
66647,-0.54,0.13
39450,-0.94,-0.46
57109,-1.38,-0.69
3591,0.87,-1.07
25138,1.54,0.59
17277,-1.73,-0.88
35333,1.45,0.01
18861,-0.50,N/A
15120,1.67,0.23
29221,-0.19,1.08
11412,0.70,2.92
38858,-1.82,-1.57
6802,-0.28,0.08
8644,1.54,-0.20
54579,1.41,-0.18
41935,-0.41,0.64
17926,0.21,-0.13
13862,-1.34,-0.76
64523,0.48,0.41
66065,-1.34,-1.36
71869,-0.85,0.17
11024,1.45,0.31
46035,-1.87,-1.09
24630,0.61,-0.72
11238,0.12,0.24
54946,-0.76,-0.76
24229,0.56,1.77
29934,-0.41,-0.85
28998,-0.81,-0.02
19805,0.74,0.43
63668,-0.94,-0.60
24876,-0.36,-0.64
34719,0.21,0.68
48769,-0.23,0.01
22536,-1.38,0.13
8760,-0.94,-0.75
53126,-1.88,-1.48
18179,-1.34,-1.01
38242,1.54,0.69
68708,-0.89,-1.16
12366,-0.36,-0.58
42465,1.54,-1.59
24638,0.30,0.47
58587,0.79,-0.66
9170,0.74,N/A
36545,-0.01,-0.24
19467,0.74,-0.42
16868,0.34,0.65
47608,-0.98,-0.51
38440,-1.20,-0.33
23543,-0.81,1.81
65396,-0.32,1.36
34621,-1.56,-1.74
23561,0.21,1.64
16091,-1.29,-1.12
63597,0.74,1.33
57533,0.79,-0.08
59370,0.74,-0.18
57285,0.56,0.64
17515,-1.51,-1.13
23988,0.08,0.75
34958,-1.29,-1.04
30620,-0.28,-0.55
31811,0.39,1.34
1818,-0.58,N/A
5478,0.74,N/A
26830,0.17,0.06
25883,1.71,-0.52
43657,0.92,0.43
71917,-1.38,-0.46
61299,1.58,1.29
24603,1.49,0.06
70654,-0.81,0.38
49485,-0.76,-0.32
61641,-1.29,-1.06
12600,-0.05,-0.33
11566,-0.28,-0.67
72108,-1.56,-1.39
35117,1.54,-0.32
22967,-1.12,-0.88
28913,1.54,0.20
70857,0.52,0.03
42229,1.10,-0.51
23459,0.17,0.96
2209,0.17,0.29
38673,0.34,0.50
42184,-0.01,0.34
59250,1.54,0.88
29525,0.87,0.80
42713,0.08,-0.11
16066,0.43,-0.51
33692,-1.38,0.87
29232,0.56,0.23
70122,-0.63,0.64
25305,-1.47,N/A
66110,0.52,-0.14
69461,0.26,-0.72
7885,-0.89,-1.50
60050,0.43,0.34
21608,0.56,-0.65
32150,0.56,0.09
48069,0.79,2.05
24066,0.08,-0.42
39242,1.63,-0.15
57618,0.17,-0.43
14599,-1.78,-1.35
27479,0.87,-1.01
10238,1.10,-0.04
49014,1.45,-0.69
67063,0.83,0.92
38488,-0.58,0.04
33298,0.03,-0.16
48739,0.17,0.90
52428,-0.81,-1.08
61171,-0.54,-1.15
40878,1.23,0.04
61247,-0.50,-0.13
27799,1.27,1.17
2824,0.03,-0.61
12376,0.87,1.13
72435,-0.28,0.03
46864,0.48,0.87
2019,-1.03,N/A
26154,0.56,0.71
47972,-0.81,0.66
47751,-1.07,-0.99
25405,0.83,3.67
34525,-0.72,-0.85
13755,-1.69,-1.07
56019,-1.03,-0.34
67942,-0.98,-0.69
43806,0.03,0.03
39849,-0.19,1.39
7344,-0.23,-0.98
1741,1.49,N/A
52220,-0.76,-1.11
20129,0.34,0.24
61178,-0.19,0.62
48226,-1.69,-1.50
1151,0.70,-0.97
6672,1.05,N/A
10333,0.08,-0.84
11134,-0.01,0.00
25199,1.63,-0.28
66490,-0.05,1.54
10390,-1.56,-1.55
33144,1.10,0.03
72497,-1.69,-0.67
16783,0.61,-0.14
727,0.03,0.32
51935,-1.20,-0.09
44177,0.74,0.24
2421,0.65,0.92
48693,-0.01,0.48
5723,0.30,-0.32
29470,-1.85,-1.04
71590,-1.69,-1.32
16600,-1.51,0.59
28309,1.05,-1.88
41911,-0.98,-0.70
3390,-0.32,-0.72
31806,1.18,0.90
68750,0.61,0.85
32840,0.39,-0.90
49797,-0.67,0.76
72096,-0.10,-1.08
13503,1.67,-0.50
41536,-0.45,-0.84
17441,-0.54,-0.20
62238,-0.05,0.00
737,-1.47,0.19
4627,-0.41,1.02
47208,1.18,-0.15
6844,-0.45,1.97
60001,0.65,-0.09
44503,-0.81,0.78
44938,-1.85,-1.06
40371,0.17,-0.30
39011,-1.29,-0.48
1460,1.71,-0.85
48364,0.39,-0.20
30285,1.27,-0.20
21472,0.39,1.66
71182,0.79,1.26
33412,-1.25,-1.35
16061,-1.84,-1.20
60266,-1.65,-1.49
70965,-1.78,-1.03
56736,-1.12,-0.65
6537,0.43,-0.53
41827,0.65,-0.74
49480,-0.54,-0.83
36704,-0.63,0.13
8884,-1.69,-1.13
49775,-0.14,-0.02
25777,1.41,-0.34
2070,0.39,0.09
15752,-0.19,0.24
45915,-0.14,0.48
48775,1.54,-0.90
65697,-0.19,0.87
65229,-1.16,-0.44
56889,0.08,0.50
6596,-1.89,-0.99
46577,-1.34,0.36
63455,-0.76,-1.13
21724,-0.05,0.74
29863,0.03,-0.11
69249,-1.78,-1.59
8968,-0.05,N/A
20310,-0.81,-0.55
11450,-0.10,-0.55
31999,0.34,0.18
34133,-1.03,-0.66
44202,-0.81,0.59
72311,-1.12,-0.51
18704,-0.28,2.55
36518,0.34,0.32
35651,-1.82,-1.34
13749,-0.23,-0.60
21521,0.92,0.69
27163,0.74,N/A
8882,-0.94,-0.48
32016,1.23,0.56
14287,-0.50,-0.80
60139,-0.50,-0.33
2447,0.87,0.10
42500,-1.90,-1.32
44391,0.48,-0.95
12741,-0.81,2.11
15418,1.63,0.68
69482,-0.54,0.48
32270,0.43,1.17
50983,-0.36,-0.28
6493,-0.54,-0.80
45399,0.74,-0.15
67099,-1.89,-1.04
19585,-0.98,-0.41
26247,1.54,-1.48
25818,0.70,-0.71
34261,-1.88,-1.62
64128,-1.47,-1.07
62817,0.74,0.60
69339,-1.43,-1.11
25919,0.21,2.60
71978,0.30,-0.34
1473,1.14,0.15
66546,-1.03,-0.48
56584,-0.94,0.48
38316,0.52,-0.32
15647,0.61,-1.01
59933,-0.63,-0.61
3429,-0.50,-1.08
60963,0.48,0.26
67689,-0.28,1.30
31689,0.65,-0.15
23240,-0.10,0.08
30850,1.27,0.18
38920,-1.89,N/A
66080,-0.50,1.13
57263,0.48,0.17
60126,1.58,-0.60
64393,0.56,-0.47
69285,0.08,-0.85
24428,-1.65,-1.43
59642,0.08,0.09
12064,0.74,0.42
59737,0.96,-0.02
19352,0.61,-1.20
61903,0.65,1.22
47701,-1.56,-1.06
15225,-1.12,-0.94
66431,0.26,1.90
57236,-1.82,-1.39
48453,0.39,-0.09
8031,0.87,-0.29
39139,0.61,0.84
4838,0.30,0.23
22689,-1.38,-1.30
37752,-0.36,-0.83
32320,-0.36,-0.47
14889,0.92,-0.60
13964,-0.05,-1.07
31746,0.83,-0.56
17492,-1.78,-0.52
1499,-0.01,1.75
34396,0.39,-0.65
36750,0.92,1.71
68816,0.70,1.69
16129,1.67,-0.36
64006,-1.25,-0.78
51845,0.30,1.71
30692,1.32,-0.05
65712,-1.07,-0.75
42161,-0.58,0.50
16938,-0.14,2.66
16113,0.17,-0.65
29388,1.01,0.36
65109,0.17,0.76
61242,-0.10,3.20
65252,0.87,-0.27
49615,-1.38,-0.97
63511,-1.85,-1.16
14089,0.12,1.72
16987,-1.56,-1.59
53399,1.36,-0.09
36946,1.36,-0.33
55522,-1.73,-1.51
27954,-0.76,-0.71
5355,0.87,3.46
69069,0.21,-0.48
11539,-0.85,0.82
16847,0.17,0.94
15873,1.18,0.19
15415,-0.10,1.91
22891,-0.05,-0.32
7394,0.61,-0.08
29915,0.34,1.71
62607,-1.25,1.16
24404,-1.43,0.48
69666,-0.72,-0.01
54997,0.43,1.22
6199,0.39,0.15
4635,1.10,0.31
3305,0.96,-0.06
24342,-0.89,-0.29
65093,-0.01,-1.08
46261,0.52,0.74
42624,0.39,0.46
24735,-0.98,0.23
50671,1.54,0.09
1679,-0.36,N/A
66680,0.26,1.34
34248,0.30,N/A
65336,-0.72,-0.36
68333,0.39,-0.22
60210,-0.94,1.58
11573,-1.07,N/A
67890,1.49,-1.02
49254,0.61,1.61
9199,-1.34,0.28
35402,-1.29,-0.56
25996,-0.63,-0.75
8345,0.26,-0.53
63219,-1.86,-1.22
8770,-0.98,1.03
22370,-0.32,0.27
25930,-0.05,0.54
33478,0.56,-0.29
23009,0.12,-0.15
24885,1.58,1.45
58591,-0.81,-1.20
44777,1.05,-0.28
46363,-0.28,-0.36
36377,0.03,1.19
15440,-0.32,-0.97
56420,-1.16,8.75
39531,0.30,1.53
55220,0.43,-0.20
30731,-0.19,-1.02
14479,1.23,0.04
40471,-1.12,-1.40
7384,0.52,1.16
53422,0.39,-0.36
59745,-0.72,3.18
24721,-0.85,-0.85
9644,1.27,-0.55
50837,-0.10,0.57
67941,-0.63,0.70
43590,-0.76,-1.44
29014,-0.89,-1.23
66051,-0.01,0.37
70783,-0.01,-0.10
10716,0.26,0.41
7868,-1.34,-1.46
58350,-0.76,-1.11
18927,-1.47,-0.70
19550,-0.19,1.35
31372,-0.10,-0.94
55262,-0.81,-0.58
50238,-1.47,-1.73
2868,0.48,0.45
51343,-1.60,-1.63
56324,0.43,0.69
42047,0.52,1.90
36486,-1.65,-1.18
62456,1.27,0.99
64980,-0.05,0.61
65962,0.30,1.27
47521,0.52,-0.11
41501,0.17,-0.64
47582,-1.78,-1.57
63938,0.26,1.78
49627,-1.38,-1.50
61291,-0.67,-0.22
53032,-0.14,0.18
45040,0.52,0.64
56791,-1.51,-1.13
37320,1.49,-1.21
72514,-1.12,-0.94
3842,1.32,-0.05
38143,1.05,0.70
54296,0.65,1.89
48435,-1.82,-1.93
42212,-0.23,0.61
47607,-1.69,-1.39
16535,-0.41,-0.13
66677,1.54,-0.90
57270,0.61,0.88
22414,-1.16,-0.74
63401,1.23,0.18
32252,-1.07,0.40
17950,0.56,-0.50
53990,0.92,0.23
20565,-1.34,-0.58
59993,-0.14,-2.21
42830,1.63,0.23
34721,0.83,0.61
5157,1.58,-0.30
48851,-1.51,-1.44
26084,1.49,N/A
23413,-0.76,-0.81
49970,-1.84,-1.32
72414,-1.20,-0.83
21374,-0.14,-0.46
69623,0.12,1.07
40378,0.08,1.38
4671,0.70,-0.11
17295,-0.54,1.59
55466,1.14,-0.46
65419,1.32,-0.10
34448,0.56,1.57
14406,1.63,-0.01
924,0.74,0.27
71339,-0.14,-0.08
31443,-0.58,-0.64
49672,1.01,1.95
394,1.54,-0.16
63362,-0.28,0.87
59928,-0.10,1.08
62289,-0.41,-0.18
59464,-1.12,-0.70
18680,1.14,-0.39
19439,1.05,N/A
27017,-0.67,-0.78
8277,-1.78,-1.20
14099,0.61,1.16
37128,-0.41,-0.70
57774,0.30,0.08
64033,0.52,-0.09
72701,-1.82,-1.87
59130,-0.72,0.00
48472,0.61,0.32
67956,1.32,0.45
35602,0.39,-0.88
13818,0.96,-0.32
34661,0.21,-0.36
64895,0.48,1.11
21969,-1.56,-1.29
38320,0.08,-0.65
42040,0.21,2.61
31857,1.49,-0.65
64494,-0.41,-1.08
34764,-0.45,1.45
20673,-0.19,-0.67
64817,-0.19,0.69
72450,-0.14,0.48
13988,0.12,-0.02
54985,-1.87,-0.56
6049,-1.69,-0.52
13380,-1.29,-0.72
64371,0.26,-0.75
50295,0.08,1.33
14404,-1.34,-1.12
58645,1.45,-0.44
19419,-1.29,-0.65
24518,-1.03,-0.06
53494,-1.51,-1.72
42599,1.54,-0.09
68370,0.26,-0.37
57813,0.52,1.61
1329,-0.01,0.42
15255,-1.20,-0.41
65680,0.65,0.52
32974,1.05,0.78
5863,1.23,-0.19
10584,-1.56,-1.59
38675,-1.12,0.33
47600,0.17,0.04
48246,0.70,-0.38
61743,-0.67,0.43
3879,-1.03,N/A
58086,1.05,0.19
53957,1.23,2.06
40137,0.56,-0.38
70500,0.03,0.98
35085,-1.65,-1.31
43872,1.54,-0.18
62951,-0.50,0.31
43244,-0.14,1.10
31198,0.87,-0.74
23223,0.34,0.78
38474,-0.94,-0.24
4591,1.71,0.12
1451,-1.16,-0.69
37150,-0.41,2.50
65632,-0.05,0.37
62834,-0.50,-1.13
21826,1.32,0.06
21036,0.17,-0.58
55566,-0.41,2.10
46923,0.92,0.08
63990,0.39,2.59
2265,0.26,N/A
2860,0.52,0.06
15964,0.92,0.03
46483,-0.89,1.26
33284,-1.12,-0.70
61895,0.96,2.52
48875,-1.38,-1.17
36589,0.79,-1.09
28651,1.01,0.59
45033,0.70,0.99
32166,0.17,-0.57
34188,0.17,1.26
58359,1.23,1.95
59347,0.83,0.57
12849,-0.67,0.46
6104,-1.60,-1.76
29694,1.10,-0.94
30806,-0.28,0.19
20316,1.41,0.57
58253,-1.69,-1.36
57679,-1.86,-1.30
39956,-0.41,1.21
7683,0.26,0.96
9197,-1.56,-1.06
58543,0.30,2.55
6968,-1.82,-1.36
35838,-1.86,-1.51
57549,1.45,0.37
59200,-1.12,0.52
24289,1.71,-0.53
6206,1.05,-0.10
28227,-0.72,1.45
35229,0.61,0.80
23176,0.34,0.29
3045,1.10,1.11
22386,0.56,1.25
1077,1.49,N/A
57903,0.39,N/A
22108,-1.12,-0.10
55982,0.87,0.04
55465,-0.54,0.28
29258,-0.28,-0.61
38432,0.92,-1.30
49666,0.17,1.36
59904,-1.83,-1.68
32365,-0.05,3.17
15351,-0.28,0.45
61000,1.14,1.76
77,-1.34,-1.31
17466,1.32,0.32
57569,0.21,0.61
9026,1.54,-0.56
54590,-0.98,0.61
54301,0.48,0.83
170,-0.01,N/A
52554,-1.07,-0.81
10649,1.71,0.60
28258,1.63,0.10
22269,1.14,N/A
12557,-0.98,-0.41
2846,0.12,-1.11
61219,-1.29,-0.79
65321,-1.65,-1.46
23946,-1.78,-0.85
56312,0.17,-0.65
20256,-0.41,-0.02
26993,-0.10,0.54
58599,1.05,-0.11
27849,-1.69,-1.55
33367,-1.03,-0.23
61764,0.87,-0.32
13620,1.32,-0.66
39308,0.83,0.56
1275,-1.87,-1.27
34336,0.30,-0.43
1505,1.23,0.89
31887,-0.58,-0.72
60258,1.63,-0.85
63450,0.92,0.65
35178,-1.60,-1.08
3099,-0.32,0.71
43903,1.58,0.38
9013,-0.36,-1.16
60158,-0.67,0.01
15579,1.27,0.99
8563,-1.38,-0.97
61573,-0.81,-0.66
43827,-0.72,-0.41
43090,0.83,0.65
46068,0.65,0.23
12469,-0.58,2.03
58820,0.56,-0.15
31893,-0.67,-0.72
45259,0.17,0.15
63779,-1.20,0.05
71250,-0.63,0.08
55051,-0.76,-0.39
2520,-0.76,-0.34
3715,0.52,-0.01
21206,-0.63,0.12
60159,-0.63,-0.30
3113,-0.45,-0.14
62126,-1.07,0.01
51275,-1.47,-1.25
3115,-1.78,-1.50
9986,0.74,-0.55
35974,-1.20,-1.35
46488,-0.36,1.77
54172,-0.10,2.24
21804,-1.07,1.21
50402,1.58,-0.37
36317,-0.10,-0.27
44676,-1.84,-0.99
3724,0.34,0.01
69668,-0.45,1.80
59274,-0.45,0.98
29676,0.21,-0.18
37655,0.08,1.44
16980,0.79,1.05
40213,-0.54,0.40
47831,0.74,0.42
40977,0.34,-1.06
39129,0.43,-0.61
40837,0.39,-0.50
59000,-0.05,-0.47
44510,0.56,-0.16
3793,-1.29,2.53
32215,-0.14,-0.16
35296,0.65,1.35
69502,0.39,-0.22
67620,-0.58,-0.33
27664,0.17,0.00
49555,-0.41,0.14
16812,1.71,-0.66
63665,-0.54,-0.43
68141,0.65,-0.55
33674,0.17,-1.04
30432,0.96,0.96
10886,-1.34,-0.70
62629,-0.28,0.43
67758,-1.51,-1.29
41244,-1.60,-1.71
50309,-0.28,-0.95
6480,0.83,0.36
27007,-1.29,0.10
63912,1.49,0.69
37483,-0.32,-0.87
29855,-1.78,-0.94
22136,1.54,0.19
66637,0.26,-0.93
2244,0.03,0.26
22259,-1.47,-0.89
19088,-1.56,-1.23
61010,0.74,0.18
49574,0.56,-0.75
12336,1.32,-0.61
3668,0.96,3.03
6034,-0.41,-0.16
61418,-1.34,-0.64
68725,1.63,-0.25
464,0.12,-0.64
42225,1.63,1.48
51254,0.96,0.40
59164,-0.85,-1.07
70429,-0.45,1.99
54253,-1.43,-1.62
47937,0.61,0.88
66882,-1.07,-0.62
7411,1.71,0.64
39593,-0.19,0.90
6239,-1.29,-0.76
35378,0.74,1.99
54012,-1.78,-1.45
69835,0.61,0.43
44591,1.58,0.18
4709,0.96,0.59
20393,1.05,0.26
27626,0.74,-0.43
45864,-0.32,0.14
68685,-0.32,0.42
28711,-0.76,-0.92
44962,1.23,-0.53
7892,1.54,-0.01
11744,1.49,-0.24
12279,1.36,-0.37
20740,0.30,-0.23
58257,-1.51,-1.32
36547,-1.84,-1.29
559,0.48,0.33
13728,-1.56,-1.37
4400,-0.32,-0.58
68524,-0.23,-0.11
24096,-0.41,N/A
65643,-1.60,-1.48
30186,-1.69,-1.49
11904,-1.29,-0.25
20257,-1.87,-0.83
2822,-0.58,-0.39
18072,-0.19,-0.97
34896,-1.16,1.80
53328,-1.29,-0.57
28303,0.39,0.15
44325,1.54,-0.97
8579,-1.82,-1.41
29229,-0.50,-0.06
48406,-1.87,-0.70
3761,0.30,-0.58
65324,0.21,-0.14
7658,1.01,0.20
35997,1.54,N/A
34383,0.12,-0.39
8646,0.48,-0.28
46653,1.67,-0.10
1099,-1.25,-0.85
61676,1.49,-0.48
38131,0.70,-1.02
61848,0.21,0.00
56228,1.45,N/A
4949,0.26,0.89
46688,0.03,0.12
30491,-0.19,-0.28
43478,-0.41,-0.06
25443,0.30,-0.28
52519,0.83,0.46
24361,-0.23,1.90
29514,-0.01,-0.08
35893,-0.67,0.98
58568,0.65,0.54
63303,-0.67,-0.24
70625,-1.12,-0.67
54807,0.83,N/A
18820,-0.54,-0.90
64029,0.52,-0.69
72703,0.48,-0.02
11394,1.32,0.34
12298,-0.76,0.38
70845,1.32,-0.47
44494,-0.23,-0.38
30953,1.41,0.46
47861,1.67,-0.10
13465,-1.03,-0.19
62454,-1.38,-0.98
52593,1.54,-0.27
91,-0.05,-1.32
22056,1.23,N/A
45469,-1.20,0.22
41284,-1.73,-1.15
20112,1.58,N/A
45627,0.74,-0.30
4174,0.08,1.90
31660,-0.89,0.37
36196,-0.98,0.98
19769,1.05,-0.76
8341,-1.47,-1.30
42172,-0.85,0.09
14372,0.30,1.87
61252,1.58,N/A
15251,-1.29,-1.09
67800,-1.34,-0.97
10416,1.23,1.31
19504,1.01,3.04
7476,-0.50,0.17
55526,0.12,0.82
452,0.21,1.03
55790,0.08,0.41
38541,0.52,0.20
23748,-0.54,-0.78
18790,-0.81,0.71
45751,1.32,1.08
72369,-1.29,-1.20
7171,0.56,3.41
52826,0.74,0.19
42556,-0.72,-0.46
507,-0.67,-0.74
56746,0.12,0.23
54072,-1.43,-1.29
49760,0.87,-0.04
61821,0.70,-0.18
65481,0.61,-0.30
6174,-0.36,1.45
68224,0.48,1.15
61559,-1.60,-1.50
65564,0.21,3.13
18890,1.14,0.60
58936,0.70,1.85
67667,1.27,0.20
68138,0.26,1.17
50363,1.32,0.13
4740,-0.85,0.48
39683,-0.76,-0.04
49903,-0.72,1.22
63457,1.54,-0.76
18595,1.49,1.16
64912,0.70,1.90
68382,-1.90,-1.03
69510,-0.19,-0.27
29872,-0.36,-0.43
1924,0.48,N/A
67243,1.41,-0.44
3494,1.63,-0.28
37307,-0.36,2.75
41175,-0.94,-0.97
48303,-0.19,0.74
31473,-1.65,-1.40
31402,0.83,0.94
18996,-1.34,-1.34
2573,0.56,0.71
60683,0.43,0.57
70537,-1.69,-1.21
63193,0.03,-0.42
12228,-1.34,-0.56
58107,0.70,0.14
28647,-0.36,0.00
57086,0.39,-0.10
5505,1.45,-0.75
44112,0.34,0.59
56645,1.58,0.75
16652,1.14,-1.44
32445,1.54,-0.99
18752,0.74,0.01
35152,-1.47,-1.67
70081,-0.05,1.57
72340,-0.98,0.10
67112,0.56,1.52
42323,0.70,0.55
35022,1.14,1.03
21625,-0.81,-0.56
49972,0.87,0.71
44142,-0.81,-0.11
364,0.65,-0.27
59669,-0.67,-1.01
69900,0.12,-0.65
12753,0.43,0.05
10273,-0.28,-0.57
30824,-1.38,-0.80
587,-1.29,-0.78
55856,0.74,0.10
47196,-0.05,0.45
67724,0.96,0.88
23488,1.63,0.28
2849,-0.50,0.38
12134,0.43,0.61
24058,0.30,-0.42
15117,-0.89,-1.15
72915,0.08,2.09
61836,-1.88,-1.71
13116,0.26,-0.08
48146,1.18,1.44
72819,1.71,-0.58
20070,-0.89,-0.55
8778,1.58,-0.29
13764,1.36,0.26
2005,1.54,-0.69
8616,0.30,-0.64
51524,-0.41,0.68
50541,0.17,0.76
21971,0.39,-0.34
32183,1.05,0.93
30145,0.83,-0.83
30482,-1.12,-1.22
30790,1.41,1.63
63337,-0.05,2.18
66264,-0.63,-0.25
641,0.39,1.43
42412,-1.12,-0.15
65693,1.05,0.08
3746,1.01,-0.37
71304,-1.69,-0.79
34935,-1.12,-1.64
29173,0.39,-0.15
26474,0.03,0.54
56857,0.12,0.54
13529,-0.32,0.10
61979,0.79,0.65
70886,-1.60,0.56
27693,-1.25,-0.24
59762,0.79,-1.87
57308,-1.03,-1.21
3701,-1.82,-1.73
61339,0.17,-0.02
24965,-0.81,-1.01
33952,1.01,0.00
39042,-1.82,-1.09
43039,0.87,-0.11
59915,0.43,0.09
4727,-0.45,0.17
16481,-0.89,-0.85
15018,-0.89,-0.06
49702,1.67,0.09
48017,0.52,-0.04
15313,1.14,0.47
22231,0.65,0.01
45461,1.18,0.15
30678,0.21,0.29
57904,-1.25,-1.04
67483,-0.54,2.06
5646,-1.82,-1.79
67911,1.63,1.08
16856,1.14,-1.15
37972,0.39,-1.64
62414,1.63,-0.19
50485,0.48,0.57
47405,-1.82,-1.32
70928,-0.19,0.57
4679,-0.23,-1.03
15070,1.45,-0.88
25625,0.08,0.46
35123,-1.86,-1.23
20165,1.49,0.51
41730,0.12,-0.69
38761,0.30,-0.92
4797,0.39,0.03
19199,1.32,N/A
30402,-0.10,0.18
25088,-0.14,0.06
54756,0.70,0.15
19590,0.21,0.51
23332,-0.05,0.65
16971,-0.76,1.24
11727,-0.19,0.05
60255,-0.41,1.87
38796,0.48,-0.79
46498,0.61,0.98
41042,-1.84,-0.80
35069,0.30,-0.42
61103,0.92,0.32
25095,0.03,-0.37
55607,-0.23,-0.24
63029,-0.50,0.56
2919,-1.16,-1.48
60003,1.67,-0.25
46256,-1.25,-0.52
23659,-1.69,-1.13
2952,1.18,0.88
49229,0.39,1.02
2457,1.05,0.09
23508,-1.16,0.28
28364,0.79,-0.48
31360,-0.54,2.93
19335,0.65,0.94
40390,-1.38,-0.09
63936,-0.58,0.88
24832,0.96,0.26
25219,-0.89,-0.87
42393,-1.29,-1.44
17951,-0.72,0.08
17443,0.43,-0.24
52242,0.65,0.55
45931,-1.51,-0.57
7828,0.70,0.70
21547,0.12,0.99
42305,-0.10,-0.22
9442,0.52,-0.18
57047,-0.01,0.47
2538,-1.69,N/A
28461,-1.25,-0.06
16433,-0.32,-0.43
50681,-0.32,-0.02
71327,0.17,-0.65
46699,-1.12,0.70
25248,-1.07,-0.36
35315,0.96,-0.05
63144,-1.16,0.09
21517,0.48,0.06
29789,0.12,-0.09
52207,0.70,-0.02
19209,0.21,1.17
42041,-0.23,N/A
58153,-1.12,-0.85
27717,0.56,-0.41
35106,-1.78,-1.43
47730,-0.10,-0.32
20657,1.05,0.50
63411,0.74,0.71
18671,0.17,1.35
3843,-0.85,-0.69
1225,-0.01,1.26
40264,-1.16,-0.98
72451,0.08,0.40
20292,-0.85,4.38
31201,1.58,0.47
59359,1.58,-0.47
57985,-0.72,-0.19
2885,1.27,N/A
59743,0.92,1.24
11544,-0.41,0.51
11969,0.30,-0.37
42929,0.65,0.04
72776,-0.76,0.04
21438,0.30,-0.32
51084,1.63,-0.74
13440,-1.82,-0.98
15533,0.12,-0.34
50903,-0.63,-0.70
35276,-1.65,-1.16
44472,-0.50,-1.08
23587,-1.20,-0.38
66794,0.03,0.66
35854,-0.89,-1.35
60907,0.21,0.78
12449,-0.41,-0.32
54371,1.54,-0.16
8106,-0.05,-0.24
2013,-1.29,N/A
61785,-0.14,0.31
2707,-1.47,-1.39
49120,-0.19,-0.87
30752,-0.05,0.70
64972,0.17,0.55
49537,-1.29,-0.74
315,0.08,1.38
62814,0.65,1.50
7665,1.32,0.26
28108,0.83,-0.18
50536,0.83,-0.08
8655,0.34,0.57
760,-1.88,0.54
47501,0.61,1.61
16863,-1.56,-1.50
51342,1.14,0.14
35759,-1.20,-0.51
17270,0.56,0.46
53862,-0.10,-0.36
40951,-1.86,-1.23
56976,-0.05,1.25
37299,0.61,0.08
33247,-1.03,-0.10
32560,-1.56,-1.88
10973,-0.01,0.64
3816,0.83,-0.37
50215,-0.05,3.04
10351,0.30,N/A
69665,0.87,0.04
14976,1.63,-0.33
28183,-1.34,-0.67
33085,-1.03,-1.31
13386,1.23,0.10
15601,0.30,0.26
22254,1.45,-0.78
15539,-0.10,-0.43
58235,1.45,-0.42
21162,1.54,-0.75
67880,-1.69,-1.06
42545,-0.63,N/A
48359,-0.01,-0.06
54815,0.26,0.10
6233,1.18,-0.37
52225,-0.85,1.10
50463,-0.10,1.71
49084,-1.03,-0.95
61889,-0.41,0.05
25525,-0.50,0.27
9730,-0.72,-0.88
30622,0.03,-1.02
26480,-1.03,2.17
65895,0.39,4.11
4913,0.61,0.03
20676,-0.63,-0.06
52410,-1.20,-0.80
57944,-0.36,-0.60
20290,-1.69,-1.60
10875,0.87,0.89
2393,0.70,0.12
66464,0.87,1.03
40548,0.39,0.88
19699,0.30,-0.99
205,-0.01,1.11
54805,-0.72,-0.52
53195,-0.58,0.38
9107,-1.56,-1.45
65196,1.41,N/A
58833,-1.29,-1.44
4309,-0.89,1.27
55462,-1.65,-1.74
51746,-0.28,-0.19
59335,-0.23,-0.13
65644,-1.78,-1.63
52790,-0.76,1.29
42681,0.65,0.98
33697,0.61,0.61
51963,0.65,-0.16
13375,1.45,0.27
37526,1.10,N/A
59454,1.58,-0.05
23600,-0.41,0.32
61245,1.41,-0.46
53489,-1.43,-1.49
42284,1.23,-0.25
69089,-0.14,0.40
68970,-0.85,-0.81
42938,-1.88,-1.48
11327,1.71,-0.24
5464,-0.50,0.54
56995,1.67,-0.50
53646,-0.45,N/A
45139,1.58,0.28
38354,0.83,-1.18
15566,-0.19,-0.53
4793,0.74,2.43
59223,0.21,1.16
30927,-0.85,-0.62
966,1.18,0.14
62923,-1.16,-0.55
30627,0.56,-0.74
17236,-1.78,-1.46
27566,0.96,1.81
6368,1.27,-0.23
33876,-1.47,-1.86
52164,-0.63,2.28
32446,0.03,-0.37
56855,0.12,0.05
43837,-0.45,2.70
5477,0.87,N/A
64974,-1.90,-1.31
33976,0.52,-0.24
31019,0.56,-0.41
4699,0.30,-0.43
60276,1.54,-0.20
24420,0.87,-0.61
28478,-0.54,1.76
63236,0.96,1.57
6324,0.34,-1.11
62059,0.74,0.26
28400,1.14,-0.15
5841,-0.89,-0.84
5681,0.12,1.34
16587,-1.20,0.68
3477,-0.76,-1.12
23890,0.03,1.01
3803,0.56,N/A
34068,-0.89,0.64
60145,-0.23,-0.15
11702,-1.12,-0.79
50508,0.87,0.42
65473,-0.89,-0.88
51257,-0.50,-0.72
47810,-1.56,-0.28
38737,1.49,-0.75
39060,-0.10,-0.70
56804,-0.41,-0.61
45099,-0.81,0.33
22221,-0.36,-0.36
57134,-1.25,-0.66
57609,-1.84,-1.03
6132,-1.73,-1.29
31600,-0.45,0.46
51497,-0.67,-0.58
48455,-0.28,-0.61
13049,0.30,0.46
9079,1.45,1.33
68568,1.27,-0.64
72867,-1.20,-0.88
53121,0.03,1.07
33779,0.12,0.52
52367,0.12,-0.53
29314,1.32,0.50
18366,-0.63,0.12
32522,-1.07,-0.61
3980,-0.72,-0.93
5350,-0.32,-0.23
3428,0.79,-0.24
62552,-1.51,-1.30
51085,-0.81,0.88
60586,1.10,-0.23
59988,-0.76,0.54
34122,-1.16,-0.38
11392,1.41,-0.28
53632,-0.41,-0.85
32202,0.43,-0.37
52489,-1.12,-0.69
13374,0.21,-0.69
66370,-1.69,-1.65
259,1.58,-0.51
12092,-1.20,-0.30
38263,-0.50,0.87
1666,1.18,N/A
48922,0.52,0.41
58061,1.18,-0.05
50283,0.34,1.43
26605,-0.19,-0.29
10396,1.58,-0.92
14695,1.63,-0.01
2579,-0.41,0.40
71061,0.70,0.32
41250,0.48,0.41
53923,-0.94,-1.16
54139,-0.98,-0.46
32430,-1.73,-0.01
14928,-0.76,-0.37
32457,0.83,0.23
59718,-0.45,1.83
4948,0.34,0.80
40870,1.41,-1.02
2218,-0.05,0.82
57494,1.71,-0.24
1534,0.79,-0.36
69329,0.83,0.03
39852,0.70,0.47
65358,-0.54,-0.90
36488,-1.38,0.43
55567,1.45,-0.10
33562,1.23,0.43
20006,-1.25,-0.92
47696,0.03,-0.50
60117,-0.58,0.00
5032,0.17,-0.92
5780,0.17,2.09
52236,0.74,1.44
59752,0.83,-0.81
47005,0.17,-0.97
4750,1.54,-0.36
65127,-0.36,-0.01
4498,1.23,N/A
32203,0.61,0.45
27436,-1.38,-1.08
34999,-0.76,-0.38
4213,-0.45,1.26
71669,0.74,0.24
36803,-0.36,-0.55
17725,-1.47,-1.06
57983,0.30,1.26
68089,0.03,1.47
3135,1.32,N/A
563,-0.10,0.93
19364,-1.60,-1.29
34590,0.08,-0.16
55459,0.74,-0.08
38724,0.26,1.34
52968,0.08,0.59
35716,0.52,1.47
51421,0.48,-0.38
72525,-0.19,-0.16
33009,1.45,2.01
35437,-0.67,0.24
37253,1.18,-0.84
46171,-0.67,-0.13
18143,1.58,-0.76
35330,-0.58,-0.20
32127,-0.76,-0.50
69834,0.61,2.47
56311,-1.20,-0.79
13439,-0.14,1.30
36366,1.49,-0.14
13111,1.05,N/A
28932,-0.32,0.99
67521,-0.14,1.22
65688,-1.82,0.06
58761,0.39,0.20
21192,1.54,-0.67
72348,-0.94,-1.06
1825,-0.45,0.36
25674,-0.14,-0.51
33035,-1.03,0.57
54297,-1.07,-0.85
9122,-0.81,-0.30
1218,-0.89,-0.23
57210,-0.67,0.18
37096,-1.65,-1.31
38243,-0.28,-0.32
17198,-1.47,-1.41
70884,-0.41,1.08
51809,0.74,0.41
40602,-0.94,1.19
65116,0.83,N/A
70455,0.39,1.30
41618,0.79,0.08
21209,-1.47,-0.04
26103,-0.32,1.43
10436,-0.63,0.37
16550,1.14,0.73
17697,0.83,-0.56
10744,0.83,-0.34
7799,1.58,0.52
57183,-1.34,-0.84
121,-0.23,N/A
32604,0.26,3.72
49883,-0.10,1.02
68242,0.56,1.91
33726,-1.56,-1.36
56255,-0.85,-0.74
46455,0.79,0.47
13270,-0.14,1.57
38067,-0.94,-0.04
9160,1.63,-0.37
52843,0.74,1.01
67343,0.61,0.88
50805,0.52,-0.60
10826,-0.19,-0.76
60358,0.34,-0.74
72231,0.17,N/A
58586,1.49,0.00
50499,-0.50,-0.30
18986,0.08,0.05
51177,0.26,-0.52
575,-1.34,-1.12
47321,1.36,-1.36
7754,1.27,0.74
66270,0.61,-0.62
2814,0.34,0.01
52847,0.52,-0.20
60235,1.32,-0.16
10981,-1.38,-1.08
62833,-1.65,-1.43
26267,1.45,-0.13
69918,-0.23,1.61
44927,0.30,-0.19
20169,1.41,-0.14
31481,-1.86,-1.41
27721,-0.50,0.40
71419,-1.38,1.07
25642,-0.50,-0.10
31932,-1.34,0.03
13629,-1.85,-0.76
38258,0.87,1.26
70602,-0.63,0.01
60056,0.43,-0.04
31156,0.26,0.12
69643,1.67,0.00
23171,1.01,0.03
42309,-0.05,N/A
2877,0.79,-1.55
37011,0.39,0.66
355,-1.56,-0.41
53252,1.71,0.24
3553,-0.01,-0.64
72178,-1.73,-1.29
11817,0.65,N/A
26468,0.08,1.64
13176,0.83,0.96
67032,-0.05,-0.02
39784,1.27,-0.08
56156,-0.76,-0.83
15230,-1.51,-1.76
25218,-0.54,-0.79
39637,-1.03,-0.29
26777,-0.94,-1.03
60533,-0.89,-0.75
44375,0.61,0.88
49848,0.39,0.13
65413,0.92,1.85
31161,-0.76,0.94
61787,0.48,1.43
53482,-0.50,0.89
71387,1.01,0.45
7577,-1.34,-1.09
34400,1.49,0.55
45175,-1.12,-0.84
71192,-1.43,-1.37
26997,-1.20,-0.09
33532,1.32,0.10
33704,0.03,N/A
51897,-0.32,0.01
43016,-1.47,-0.44
3370,0.48,-0.30
39984,-0.05,-0.79
59232,0.39,-0.18
57896,-0.50,-0.65
21917,-0.01,0.85
66435,-0.67,-0.22
3442,1.58,0.19
48064,-1.43,-0.94
13358,1.41,0.37
64986,0.52,0.08
6032,1.54,0.22
52924,0.21,-0.16
69979,1.32,-0.75
50489,0.56,-0.52
20094,0.48,-0.11
16618,0.52,-0.85
63280,0.96,-0.14
14551,1.14,0.17
22098,-0.63,-0.27
17771,0.92,-0.88
11803,-1.20,0.69
34356,1.41,0.04
26528,-1.16,0.18
51554,-0.05,N/A
2296,1.54,N/A
10624,-0.85,-0.95
1681,1.10,N/A
36375,0.30,-0.29
8117,0.39,0.14
49849,1.71,0.61
19436,0.56,0.26
10523,0.56,0.28
39322,-1.12,-0.75
53265,-0.45,-1.11
40379,0.61,0.34
66841,-0.58,-0.64
38900,0.39,-0.36
18180,-1.78,-1.67
1183,-0.19,N/A
22964,0.03,-0.02
64597,-0.45,0.00
23893,-0.85,-0.48
51564,-0.85,-1.16
14410,0.48,0.24
4964,1.27,-0.87
15020,-0.28,-1.08
27380,-0.32,0.29
21523,-0.94,-0.51
8819,1.10,-0.24
68408,-0.85,-1.12
8976,-0.36,-0.57
22290,-0.50,-0.80
7700,0.39,-0.83
40503,-0.98,-0.34
47917,1.71,-0.76
30303,-0.45,0.47
63864,0.83,0.31
24177,0.61,1.91
57274,-1.29,1.64
37213,0.74,N/A
59992,0.87,1.12
27382,0.30,-1.03
61017,-1.38,-0.93
61699,1.63,-0.87
14489,1.36,1.31
54053,0.12,0.99
38348,1.01,0.40
17668,-0.76,-0.38
11792,1.18,0.00
22917,0.83,0.05
36204,-1.25,0.43
49554,1.05,0.55
72594,0.87,0.34
28027,-0.05,-1.06
54177,0.26,-0.71
32602,1.54,0.24
1213,-0.54,N/A
21534,1.05,N/A
6852,0.39,N/A
3379,0.79,-0.66
41146,-0.10,2.60
20391,1.32,0.18
69379,0.92,-0.57
34778,0.96,-0.09
49270,1.67,0.62
55407,0.17,1.75
36744,-0.14,0.38
26603,0.12,0.65
71414,-1.82,-1.16
14517,0.56,0.20
69050,0.48,-0.92
52080,-0.76,-0.55
27493,0.08,1.17
6295,0.61,-1.23
20375,1.54,0.15
29017,-1.82,-0.71
56635,1.45,0.71
4280,0.34,0.24
22896,0.48,1.90
70297,-0.32,0.13
47776,0.61,2.74
53141,-0.81,-0.80
16145,-1.60,-1.20
41593,1.45,0.57
50651,0.08,-0.60
11111,1.01,3.03
15803,0.08,-0.42
71597,1.58,-0.25
22804,-0.81,0.80
64498,0.43,-0.87
41182,-0.36,0.70
56606,1.54,-0.37
36958,-0.50,-0.25
14877,-1.89,-1.12
65988,-0.76,-0.53
50001,-0.41,0.41
27034,0.96,0.12
8950,-1.25,-0.18
31850,-1.16,-0.78
14288,1.23,-0.16
3180,-0.05,0.52
13899,-0.58,0.61
23730,1.41,-0.48
6011,-1.51,-1.73
14376,0.17,-0.85
22052,1.41,-0.95
24836,0.79,-0.37
11861,0.79,0.13
25613,-0.72,-0.04
71496,0.52,-0.98
24074,-1.82,-1.64
44937,0.34,-0.79
72082,0.08,-0.46
53271,-0.32,0.34
34077,0.12,1.27
42330,0.21,-0.23
69487,1.58,-0.61
70973,0.30,0.33
44986,1.58,0.40
2633,-0.50,0.37
21834,-0.32,0.65
49196,-0.72,-0.70
22939,-0.94,0.05
55400,-1.69,-1.49
30870,-1.51,0.38
247,-0.54,0.34
7979,-0.76,-0.72
56189,-0.01,0.14
3984,-0.45,-0.33
49753,-0.41,0.37
71719,1.01,-0.43
11313,0.03,-0.97
38070,0.56,0.09
50455,1.05,-0.02
31766,-1.12,0.24
24245,0.52,0.41
50726,0.79,0.65
29955,-1.91,-1.53
64742,0.21,0.41
48518,0.03,-0.80
42999,1.10,0.31
71447,0.39,0.01
61437,-1.25,-0.16
50428,-1.82,-1.43
8816,0.74,0.89
49556,-0.28,0.62
67654,-1.69,-1.44
21989,-0.81,2.47
46434,0.39,1.40
3205,1.58,-2.24
68692,0.79,0.33
44531,-0.32,0.09
70392,-0.41,-1.21
37025,-1.82,-1.37
68965,-0.01,0.93
53843,-1.85,-1.40
5236,0.26,0.52
32110,-1.82,-1.08
17893,1.71,0.60
65794,1.67,0.71
65955,1.67,0.14
53924,-1.86,-2.05
70674,0.74,-0.34
56410,-1.83,-1.96
9955,0.65,-0.42
8410,-1.56,-1.29
46854,-1.51,-1.83
8168,-0.41,-0.70
30405,-0.89,1.38
1301,1.36,1.52
42348,1.27,0.08
38560,0.17,0.52
48129,0.56,-0.42
10511,-1.69,0.54
42481,-0.72,-0.10
59872,-0.23,2.60
56282,-1.34,-1.53
6540,-0.10,0.89
31378,0.30,0.41
32317,-0.10,0.66
9948,-1.65,-1.76
35182,0.83,1.67
5655,-1.73,-1.54
51762,0.70,-0.01
68193,0.87,0.42
49459,-1.51,-1.62
54776,-0.10,1.95
45701,1.27,-0.70
7953,0.08,0.27
65508,1.63,-0.02
68539,-1.07,-0.67
12022,-0.28,0.87
3348,0.65,1.35
58466,1.49,-0.20
50434,-0.23,0.31
49974,0.26,0.57
54574,-1.03,0.04
39342,-0.89,-0.37
2972,0.52,-1.37
32717,-1.20,-0.83
14063,1.67,0.06
71724,-0.89,-0.93
4753,1.71,-0.13
62076,0.21,0.09
6665,0.56,0.17
51385,0.79,1.85
66973,-0.01,0.20
59671,-0.19,0.55
3946,-0.94,-0.15
17623,-0.10,0.59
50644,-0.28,-0.11
54294,0.96,0.33
46767,-1.56,-0.62
12911,0.34,-0.19
16109,0.87,1.15
47499,0.21,-0.34
8790,-1.16,-0.83
11259,0.43,N/A
12003,1.41,1.89
71099,0.34,-0.06
62090,0.34,0.12
10138,-0.10,-0.52
71424,1.41,0.75
44759,0.61,-0.19
21953,-0.45,N/A
52234,1.27,0.59
46461,0.39,0.78
6973,-1.43,-0.57
5068,-0.67,-0.08
65277,1.54,0.03
52679,1.71,0.31
36728,1.36,0.50
46797,-0.54,0.03
63898,0.43,0.38
11371,-1.90,-1.87
13155,1.05,-0.33
27125,-1.16,-0.78
15383,-0.63,-0.52
19828,0.56,0.66
6289,-1.25,-0.94
44243,-0.63,-0.36
40167,1.58,-0.95
38078,1.71,0.59
34257,-1.16,-0.75
21653,-1.56,-1.32
63764,-0.89,-0.70
22194,-0.32,0.32
16010,0.17,0.28
5074,-0.85,1.12
10243,0.74,-0.46
52588,0.87,0.85
56996,0.03,-0.52
28315,-0.23,0.48
15104,-0.76,-0.51
26604,-1.12,-0.37
27916,-1.12,-0.78
60249,-1.34,-0.62
45787,-1.34,-1.09
65526,0.17,0.18
72354,1.63,-0.66
38938,-0.85,-0.41
39017,1.27,-0.89
13219,-1.69,-1.67
3003,0.34,0.20
34543,1.71,-0.41
21762,-1.69,-1.26
22003,1.01,-0.01
6731,0.43,N/A
19032,-1.25,-0.83
55370,0.43,0.45
57288,1.54,0.98
31925,0.83,-0.13
8264,-0.10,-0.15
448,0.26,N/A
38783,-0.10,0.69
45961,1.54,-0.28
27518,-1.29,-1.26
51106,-1.85,-1.06
42251,1.23,-0.28
33115,-0.50,0.04
31701,-1.20,-0.97
21661,1.10,2.93
18837,-1.89,-1.88
57777,0.70,0.00
62610,-0.50,0.26
2730,0.65,0.92
51116,-0.14,-0.50
22607,-0.10,-0.04
11595,-0.98,-1.07
24355,-1.83,-1.55
32563,0.52,0.98
18266,1.05,-0.32
60088,0.26,0.54
14912,-0.05,-0.18
49939,0.48,-0.25
64534,-0.81,-0.64
62914,0.83,-0.25
4297,1.41,-0.14
20399,1.27,0.48
1112,-1.29,-0.02
13276,-0.23,-0.80
1260,0.70,-0.30
40509,-0.89,-0.08
15241,0.87,-0.58
31344,1.71,-0.62
55169,-0.41,0.45
55740,-1.56,-0.02
62513,-0.67,0.99
18040,0.26,-0.15
10374,-0.85,-0.52
37209,-1.16,0.29
62306,1.14,-0.36
54101,0.65,-0.27
12259,0.30,-0.28
37634,-1.69,-1.18
22548,-0.41,-0.39
65407,0.92,0.46
50723,0.17,-0.08
20890,0.79,-0.56
52472,-1.29,-0.47
42859,0.61,0.43
3167,0.43,0.15
56469,1.05,0.87
23851,0.61,-1.13
30571,-0.23,-0.69
67786,-1.34,-0.70
41404,-0.28,-0.84
33960,-0.19,-0.02
70833,-1.34,-1.02
65731,0.61,0.06
57968,-1.43,-0.16
57539,1.10,1.91
17745,1.58,-0.02
33252,-0.85,0.74
69789,0.03,1.05
40076,0.12,-0.60
10323,1.01,-0.79
23514,0.79,0.05
37395,-1.20,-1.13
8240,-0.28,-0.79
9620,-0.01,-0.44
7092,-0.72,1.11
50216,0.03,2.01
59506,-1.29,-0.33
43397,1.67,-0.50
62384,0.39,N/A
10651,0.48,0.43
69750,1.49,-0.51
55455,-0.72,0.61
34230,-0.36,-0.29
65154,-0.58,3.12
36298,0.21,1.63
13171,-1.25,-0.88
62983,-0.76,-1.09
44834,-0.23,1.76
67411,-0.63,-0.09
5455,0.26,0.46
49267,0.52,-0.81
60464,0.39,-0.30
56286,0.26,1.54
5223,-0.98,-0.24
53302,-0.85,-0.38
59309,-1.12,-0.66
69824,0.39,0.14
13173,1.18,-1.77
52579,0.34,-0.94
59451,0.65,-0.38
56875,0.12,-0.58
16774,1.58,1.31
61672,-1.43,-1.85
25811,0.79,-0.29
7780,0.34,0.23
58149,-0.98,0.83
38742,1.23,0.04
29613,-1.34,-0.28
20655,-1.20,-0.94
53897,0.79,-1.25
29792,0.26,-0.44
15990,0.96,0.65
45112,-0.14,-0.64
28385,0.03,-1.02
63423,-1.43,-1.36
187,-1.03,-0.16
18891,-0.85,2.73
34657,0.03,-0.56
40546,-1.69,-1.57
56755,-0.10,-0.62
71097,-0.89,-1.29
21025,-1.60,0.65
69020,1.36,-0.39
48883,0.79,0.18
71297,1.63,0.00
52216,-0.36,-0.97
20421,-0.01,-0.27
36896,-0.81,0.04
23535,1.27,-0.50
1323,0.08,-0.94
47309,-1.51,-1.50
34161,-0.45,0.46
57405,0.43,-0.25
15824,1.05,0.19
32103,0.70,0.12
18205,-1.85,-1.09
71420,-0.72,1.55
298,-0.10,N/A
15136,0.92,0.64
9879,0.52,1.29
68302,-0.14,0.29
65507,-0.45,1.19
63949,-0.45,2.01
62475,-0.19,0.59
35648,1.36,-0.24
72276,-0.23,0.28
49661,0.43,0.04
31590,-0.94,-0.29
8584,-1.69,-1.40
7964,-0.85,-0.60
25130,-0.72,-1.20
3531,-0.10,-0.05
6529,-1.03,-0.97
22272,1.23,1.58
40702,0.96,0.31
1656,-0.23,1.52
51988,-0.81,0.98
48323,0.43,-0.28
35155,0.30,-1.30
46314,-1.86,-1.74
12906,0.52,-0.27
24961,-0.23,-0.48
14000,1.27,0.31
23047,-0.01,3.92
6827,-0.58,0.12
44656,1.14,0.59
59801,0.79,-0.56
51073,-0.41,0.60
34966,-0.01,1.38
41122,0.83,2.36
4449,0.21,-0.32
54726,-0.28,0.52
1772,0.92,0.32
4850,0.34,-0.22
44886,1.14,0.87
26076,1.41,0.08
54962,-0.72,-1.01
1116,0.26,-0.29
28247,1.71,-0.58
39563,-0.32,1.91
49553,-1.83,N/A
14872,0.08,3.01
57598,0.92,-0.24
70022,-0.50,0.48
70365,-1.25,0.06
57219,-1.84,-1.76
28344,-0.41,0.41
50785,-1.16,0.51
17251,1.45,-0.16
48459,0.79,-0.30
68843,-0.58,-1.23
27523,-1.12,-0.38
61651,0.21,-0.89
22877,-1.90,-1.46
52859,-1.73,-2.00
55631,-0.23,-0.47
7003,-0.72,-0.09
68447,0.30,0.33
13817,-1.07,-0.47
12117,-1.56,-1.83
40210,1.54,-0.11
23360,-1.88,-1.76
28447,0.43,0.32
72398,1.32,-0.33
7859,-0.41,N/A
20140,0.65,1.36
46903,0.83,0.00
61333,1.54,0.32
7403,0.34,0.69
69370,1.54,-0.24
43549,-0.14,-0.22
2903,-0.36,-0.65
70268,1.71,-0.46
11003,0.12,0.47
61475,0.34,0.37
27608,0.43,-0.83
9923,0.52,-0.11
28091,-0.01,-0.64
59749,1.67,-0.46
8719,-1.38,-1.59
58154,-1.03,-0.25
31712,0.43,-0.44
14249,-1.85,-1.30
30693,-0.94,1.10
18866,1.41,1.59
36909,1.01,1.10
63562,-1.60,-1.67
29352,-0.76,1.11
44024,-1.29,0.20
24068,-0.50,-0.87
57602,-1.65,-1.23
16536,-0.05,1.16
6639,-1.73,-1.30
6528,1.41,-0.41
42594,1.63,0.15
59045,0.39,0.94
31608,-1.43,-1.08
47949,-1.29,-1.02
41362,1.36,-0.06
18187,0.65,0.62
8983,1.63,-0.62
20098,-0.54,1.83
3777,-0.67,0.96
11651,-0.81,1.15
28527,1.23,0.47
63282,0.34,-0.64
37038,-1.25,-1.37
4528,0.08,0.96
41665,0.43,0.04
26539,1.14,0.24
25325,-0.05,-0.65
69462,-1.73,-1.40
29816,0.92,0.37
47784,-1.69,-1.20
18181,0.03,0.33
8614,1.54,-0.61
347,-1.20,N/A
61336,1.14,0.89
27647,1.63,0.34
25676,-1.60,-1.26
65894,-1.82,-1.29
2291,1.63,0.59
25630,1.14,-0.50
38575,0.65,3.06
29326,1.41,-0.52
59292,0.74,-0.56
52051,1.41,1.47
64508,-1.47,-1.11
36593,-0.23,0.38
39834,-0.67,-0.44
54111,-1.78,-1.72
53476,-0.54,1.24
479,0.70,0.27
37237,-0.54,-0.32
5496,0.08,N/A
56075,0.65,1.12
46130,0.61,0.80
7730,-0.54,3.29
12380,-0.01,-0.93
15324,-0.14,-0.64
11658,-1.86,N/A
22778,-0.41,-0.36
4128,0.52,1.38
36825,-0.19,0.13
1454,-0.05,0.32
12674,0.03,0.71
55375,1.14,0.06
3726,-1.20,-0.25
48652,-1.56,-0.83
68657,-1.85,-1.07
17337,-1.83,-1.31
44831,1.14,0.32
68420,-1.34,-1.32
39632,0.43,1.64
49095,-1.20,-0.98
46292,0.92,-0.04
43492,-1.60,-1.64
55766,-0.10,0.22
17740,0.96,0.01
64189,0.79,-0.04
24202,0.87,0.75
32514,-1.83,N/A
9866,0.48,1.67
54816,-1.29,0.18
59880,0.08,0.26
20625,0.34,0.41
65969,-1.56,-1.18
56923,0.39,0.50
44001,-0.19,0.33
51852,-1.34,N/A
27176,1.14,0.74
70874,1.23,-0.94
34287,1.32,-0.16
23052,0.48,-0.04
67499,-1.47,-0.99
5380,-0.76,-0.65
20154,-0.10,0.59
29546,1.23,0.57
3718,0.12,-0.71
43734,-1.25,-1.01
41917,-0.63,-0.98
8050,-1.56,-1.34
44426,-0.98,-0.25
34700,0.56,-1.11
70230,-1.29,-0.89
68721,1.54,-0.60
23170,-0.32,0.09
5731,0.61,1.17
62791,1.58,-0.88
18943,-0.76,0.12
45472,-0.94,-0.62
3942,1.27,-0.25
30201,0.48,1.16
38284,-1.56,-1.53
53552,0.83,-0.70
59663,-0.67,1.22
68631,0.30,-0.93
49900,-1.60,-1.65
18140,-0.45,-0.48
52340,0.52,1.55
2327,-0.81,-0.94
55137,-0.81,-1.01
458,-0.28,-0.61
57044,0.65,0.22
71548,0.08,-1.16
67438,0.74,0.04
36524,1.01,0.61
61827,1.63,0.27
31454,-0.23,-0.94
15663,-1.43,-1.25
4707,0.87,-0.95
55885,-1.07,-0.52
47563,-1.16,0.79
63729,-1.07,-0.04
5286,-0.14,0.87
29878,0.26,2.10
42628,1.14,0.71
5006,0.12,-0.98
11250,1.54,-0.79
41858,0.87,1.30
15742,-1.78,-0.89
27300,-1.83,-1.58
34965,-1.12,-0.75
65748,0.12,-0.81
44635,-1.56,-1.08
72284,0.43,-0.02
20217,-0.23,-0.83
44259,1.36,-0.33
52668,-0.85,-0.67
37446,1.54,-0.38
46895,0.74,0.23
57667,-1.38,-0.56
41962,-0.50,-0.62
25495,-1.69,-1.12
2029,-0.14,1.16
13993,-1.07,-0.29
18876,-0.67,-0.56
22865,0.79,N/A
365,0.03,1.58
37631,0.30,0.75
5500,0.30,0.84
53217,-1.12,-0.61
56712,-1.84,-1.26
10055,-0.28,N/A
4959,-1.69,-1.57
22155,-0.19,-0.04
22860,0.96,-0.83
6960,-0.76,1.24
57209,-0.05,0.40
66581,-0.41,1.43
17347,0.08,0.40
58422,-0.01,-0.64
19043,-0.14,-0.50
52897,-0.36,-0.05
16329,-1.82,-1.16
40353,0.79,-0.41
56778,0.92,-0.11
41153,-0.50,1.06
63725,-0.89,-0.52
19675,0.34,1.31
72784,0.39,4.16
8541,1.41,-0.22
45565,-0.14,1.16
36431,-0.19,0.93
6171,-1.65,-1.57
29419,-0.50,1.16
65673,0.52,0.32
64662,-0.89,0.82
51693,0.39,0.88
50495,0.65,-0.04
37086,-1.16,0.65
71396,-1.78,-1.71
27854,-0.89,0.28
53759,0.56,1.10
14407,0.08,1.12
887,-1.29,-0.60
13328,0.08,0.57
62507,0.61,0.52
51797,-0.36,-0.41
61536,-1.56,-1.21
71221,-0.05,0.57
6948,-1.56,-1.39
66083,0.83,1.43
21238,-0.01,-0.25
70992,-1.56,-0.81
20376,-0.14,-0.16
6613,-1.82,-0.71
27818,-0.72,0.87
3062,0.17,-0.06
11692,0.43,0.06
25070,0.83,0.38
39556,0.30,-0.48
18437,-0.76,0.85
59540,-1.07,-0.99
13857,-1.90,-1.41
57924,0.08,0.33
38069,0.08,-0.29
48871,0.48,2.03
63420,0.92,0.31
67665,-1.82,-1.49
50638,1.01,-0.46
43892,1.32,-0.01
9335,-0.54,2.67
38830,-1.83,-1.39
14019,0.65,-0.69
65888,-1.38,-1.37
62986,0.74,1.63
61409,-0.50,N/A
72041,-0.89,-1.04
51584,-0.76,0.18
56476,-0.32,-0.14
51740,-1.78,-1.27
45983,-0.98,-1.08
16079,1.05,0.37
24920,-0.36,2.03
72818,-0.76,1.05
65944,0.17,1.40
63836,1.67,-0.61
46729,-1.84,-1.37
44642,0.39,0.94
70693,-0.67,-1.25
54065,0.08,-0.99
9926,-1.03,0.00
29201,-1.84,-1.27
33308,0.96,1.83
15937,0.08,1.06
53748,1.49,0.42
47803,-0.28,-0.33
41554,0.30,-0.44
69435,-1.89,-1.35
41049,-0.58,-0.95
13859,-0.54,-0.76
24257,-1.73,-1.62
14417,0.96,0.09
45260,1.10,-0.94
12807,0.87,-0.60
71417,0.12,1.07
37479,0.48,0.56
23850,1.01,0.54
17791,-0.63,-0.85
2544,1.54,-0.57
4961,0.56,0.18
2702,0.61,-0.09
11208,-1.82,-1.51
4077,0.26,3.17
36548,-0.54,0.19
71596,0.17,-0.84
61050,-0.28,-0.46
6172,1.58,N/A
15098,0.96,0.12
34895,0.79,1.90
6443,1.01,0.71
67635,-0.85,-0.43
19931,1.01,0.33
57302,0.92,1.31
26197,-0.23,2.34
54982,-1.60,-1.51
13398,0.87,1.19
21101,1.23,0.28
39958,-1.12,-0.83
51894,0.96,0.40
56001,0.61,-0.53
56137,0.83,0.94
25900,-1.83,-1.11
69213,-0.36,-0.19
38613,0.30,0.09
27660,1.32,3.24
33790,-0.89,-0.04
50845,-0.50,1.91
44628,-0.23,-0.85
38951,0.30,-0.06
52792,-0.19,-0.66
27675,-1.60,-1.35
6903,-1.25,-1.35
35463,1.05,0.00
172,-1.56,N/A
16876,-0.50,-0.23
60926,-1.69,-1.92
21333,0.56,-0.89
69183,0.26,-0.62
2313,1.41,N/A
8041,-1.43,-1.03
68171,0.79,1.39
27948,1.45,-0.34
45673,-0.41,1.91
50810,-1.03,-0.20
2467,1.58,N/A
64165,-0.85,-0.88
22352,-0.19,1.41
62990,0.52,-1.12
1737,-1.20,1.69
26357,-0.32,-0.39
28013,-0.23,-0.22
24727,-1.03,0.26
37608,-0.23,2.42
13870,0.39,0.54
4655,0.26,1.13
55356,1.63,-0.44
49400,1.41,-0.06
38132,-1.34,-1.57
50136,0.48,0.79
3094,-0.67,0.48
42727,0.79,0.12
41500,-1.90,-2.02
33185,0.70,-0.18
7057,-1.38,-0.67
48244,-0.23,1.02
69559,-1.25,-1.55
61757,-0.54,-0.30
10541,0.39,1.03
48169,0.79,-0.15
64202,0.30,-0.69
7069,-0.10,1.47
52050,-1.03,-0.15
31692,1.05,-0.08
11192,0.08,3.32
69404,1.32,-0.02
42700,0.39,-0.50
7638,0.34,-0.52
7298,0.56,0.84
43615,0.26,-0.50
18134,-1.47,-1.48
19324,0.34,1.13
18827,0.61,0.50
68291,1.45,-0.02
70661,-0.67,-0.01
6019,0.61,-0.06
56616,-0.19,-0.51
14399,-0.10,0.09
8009,1.27,-0.36
30961,0.08,0.08
24201,-0.45,-0.64
18032,0.83,-0.39
62396,-0.72,0.93
67055,-0.54,0.31
51024,-0.85,-0.36
60774,-1.83,-1.25
35039,-0.67,-1.44
46141,-0.85,-0.95
54240,-0.58,-0.62
15929,-0.23,-0.43
19849,-1.84,-1.15
43282,-1.88,-1.15
50372,0.61,0.84
5834,-0.72,-0.25
69847,-0.58,-0.60
67277,-0.05,0.14
41181,-0.32,0.26
36388,0.03,-0.30
49272,0.70,0.22
52024,0.79,-1.25
58508,-1.12,-0.72
64159,0.03,0.20
29453,-1.20,-1.67
52838,-1.34,-1.53
43024,-1.51,-1.39
8247,-1.90,-1.91
42159,1.67,0.99
37761,-0.23,0.24
27624,0.65,0.73
40242,-1.69,-1.60
4383,0.92,1.19
58577,-0.23,-0.20
59916,0.56,0.19
44526,0.65,0.71
12990,-1.51,-1.46
14414,-0.41,0.40
46343,1.58,0.57
29539,0.83,1.44
10924,0.74,0.15
30248,-0.05,2.20
39769,0.70,0.85
28778,0.48,0.06
65257,0.70,-0.20
7233,-1.25,-1.46
67773,-1.29,-0.25
14993,-1.69,-1.43
59054,-1.16,-0.67
22554,-1.34,-0.15
72512,0.21,1.16
56195,-0.28,0.80
7524,1.14,N/A
45795,1.36,0.45
64433,0.48,0.92
70106,0.92,0.22
50072,-0.76,0.01
52530,0.52,-0.84
768,1.36,-0.20
40255,-1.89,-1.46
50073,-0.10,1.29
52439,1.10,-0.28
65379,-1.51,-0.60
38605,-0.32,-0.78
35772,-1.16,-0.42
38014,-0.85,-0.89
68330,1.14,-0.38
47271,-0.23,0.22
26330,1.14,-0.41
24022,-0.50,0.56
45622,-0.81,-0.65
60732,-1.82,-1.49
53694,1.58,0.27
11280,-0.67,-0.53
28734,-1.20,-0.23
12693,-0.54,N/A
17683,1.01,1.20
36155,0.61,2.80
31390,0.79,0.04
10636,1.36,-0.67
71659,1.18,0.59
52305,-1.56,-1.60
9602,0.26,0.24
68407,-0.58,0.28
72011,0.34,-0.32
40568,-1.47,-1.31
50206,-0.41,1.07
41191,-0.14,-0.29
7129,-1.78,-1.44
45485,0.08,-0.84
32023,-1.73,-1.11
33064,0.39,0.26
60896,1.10,0.33
2109,-1.56,0.10
27705,1.71,0.46
36850,-0.32,0.50
52500,-0.05,-0.44
43698,-0.72,-0.22
49901,0.52,0.34
69120,-0.54,1.36
25510,1.71,-1.16
60416,0.61,0.09
15135,1.54,-0.43
34660,0.52,-0.39
11713,0.34,0.41
40704,1.63,-0.42
71298,-1.16,-0.33
54497,0.79,1.34
30129,0.83,-0.42
44965,-1.29,0.65
38549,0.83,0.88
39236,0.56,-0.51
50545,-0.10,0.05
28435,0.70,-0.70
4631,-0.63,-0.56
9912,-0.19,0.12
43028,1.01,0.00
38894,-0.36,-0.20
41238,-0.32,-0.72
51828,-0.36,0.68
64196,-0.76,-0.71
10626,-0.54,-0.25
4117,0.56,-0.90
37993,-0.32,-0.25
57765,-0.10,0.13
7841,0.30,-0.83
18398,-0.05,-0.18
50210,1.58,0.78
52461,0.61,-0.13
32523,1.10,-0.43
49509,-0.81,-0.04
16377,1.14,0.75
13902,-0.05,2.76
44047,-0.28,0.26
34184,-1.82,-1.79
11312,1.54,0.32
39616,-0.32,-0.84
57322,-1.47,-1.25
28011,-0.19,-0.19
242,-1.73,-1.45
18178,0.21,0.93
51823,1.27,-0.44
23439,0.87,-0.41
12594,-0.67,-0.04
2692,1.63,0.61
26062,0.26,1.15
6805,0.61,-0.06
45817,0.70,-1.13
66306,-0.01,0.03
62167,0.17,-0.16
16627,0.48,-0.16
34285,0.61,-0.60
71151,0.56,0.27
2580,1.01,0.71
11891,-1.12,-0.24
57080,1.67,-1.04
47456,-0.58,-0.36
56139,-1.56,-1.23
12857,0.52,-0.11
40980,1.58,-0.67
47668,0.26,3.60
72792,0.43,0.52
37728,-0.76,-0.85
47410,-1.29,-0.52
56450,-0.81,-0.53
9189,-1.03,-0.13
71966,-1.12,-0.93
59272,-0.23,0.75
45563,1.27,0.51
19907,0.39,-0.11
40163,1.71,N/A
62738,1.23,-0.50
51651,0.12,-0.53
39940,-0.45,-0.20
8122,-0.28,0.68
71057,0.48,1.30
67921,-1.69,-0.79
12834,0.08,0.64
56567,-1.29,-1.31
11872,-1.69,-1.55
6574,-0.36,-1.06
5294,-1.03,-1.12
10870,0.34,2.08
15062,-0.14,-0.46
46454,1.58,0.45
31795,0.79,0.76
62395,-0.45,1.89
42760,-0.72,-0.75
27119,-0.67,-0.94
47113,1.05,-0.51
36045,-0.36,-0.76
54871,1.54,-0.50
48824,-1.03,-0.97
67356,-0.01,2.19
70670,-0.72,4.52
58477,0.08,1.03
53636,-1.43,-0.97
24262,-0.54,-0.08
33886,-0.58,0.28
59126,-0.72,-0.48
31697,-0.41,-0.16
10018,-1.07,0.06
52447,-1.78,-1.88
23238,0.43,0.80
4148,1.67,-0.64
63404,0.03,0.65
13540,0.70,-0.23
44288,-0.01,0.08
23194,-0.50,N/A
751,-1.69,-1.04
7047,-0.54,1.35
68020,0.17,0.61
11325,-1.38,-0.72
25636,-0.14,0.15
60602,0.26,-0.01
51856,-0.23,8.04
13031,-1.25,1.16
19498,1.67,-0.15
51476,0.21,1.82
49762,-0.85,-0.61
23449,0.17,-0.02
51374,-1.34,0.75
41263,-1.20,-0.69
6599,0.92,-0.05
16320,-1.43,-1.09
64670,0.52,1.80
35941,-0.23,-1.35
64931,-0.28,-0.22
27416,-0.41,-0.88
43433,0.39,2.79
21366,0.30,0.83
14658,-0.28,3.44
7538,0.52,-0.13
52092,-1.82,-1.16
45372,1.10,-0.37
63043,-0.72,-0.27
67,-1.16,N/A
68034,0.43,0.46
63026,-1.69,-1.77
18352,-1.78,-1.87
36087,-1.03,-1.51
27480,-1.07,-0.34
38074,-0.54,-0.51
66690,0.87,-0.29
31131,0.26,-0.79
26884,1.27,0.48
26935,0.30,0.99
17569,-0.10,0.33
24585,-0.14,1.02
53954,-1.16,-0.16
13286,-1.78,-1.04
7653,-0.45,-1.11
59027,-1.38,-0.70
70318,-0.89,-0.46
15422,-0.54,-0.09
56692,0.96,-0.24
45395,-0.01,-0.52
39977,-0.94,0.75
14553,-1.60,-1.48
40998,1.67,-0.14
71900,-1.47,-1.62
3318,-1.12,N/A
41481,-1.69,-0.92
24854,-0.85,-0.95
22330,0.08,0.05
14892,0.12,0.93
36710,0.92,-0.08
29267,-0.81,-0.69
17098,-1.38,-0.38
61384,1.67,-0.23
69732,0.96,-0.94
61238,-0.14,0.20
18696,1.67,-0.70
25643,-0.32,1.11
63333,-0.50,-0.62
23210,-0.54,-0.48
2647,0.52,-0.02
60934,-0.19,1.64
50412,-1.16,-0.42
1192,-0.54,-0.22
55361,-0.32,-0.57
50141,-1.69,-1.04
12963,-0.63,-1.18
55337,-1.82,-0.52
23989,0.83,0.47
26025,0.08,-1.07
67711,-1.12,0.93
53105,-0.63,2.10
10696,0.39,-0.16
43656,0.70,N/A
52361,1.14,0.74
57343,1.23,0.45
23339,-1.78,N/A
51408,-0.45,-0.02
47886,-0.01,2.09
21407,-0.19,1.45
34026,0.74,1.27
53004,0.48,2.18
18833,0.79,0.45
69222,-1.90,-1.21
32610,-1.43,-0.18
57645,1.41,-0.34
21677,0.92,0.28
50410,1.54,0.73
25051,-1.29,-0.58
31642,1.01,0.73
60455,0.21,-0.05
52172,0.03,0.41
69647,-0.58,-0.11
24972,-1.85,-1.02
13172,0.79,0.62
31911,0.48,-0.39
34415,-0.94,0.37
53219,0.17,-0.27
7924,1.05,-0.38
72491,0.43,0.04
59058,0.08,-0.46
52619,0.96,1.63
36162,-0.19,1.26
68371,0.61,0.03
21067,0.08,0.26
25718,-0.67,1.33
24421,-0.58,1.64
69528,-0.54,-0.34
56594,1.18,0.62
35095,-1.16,-0.36
30002,0.03,-0.61
71143,0.96,0.23
32669,-1.65,-0.83
17174,-1.25,-0.75
2818,1.63,0.17
30650,0.48,0.18
3013,1.58,-0.02
42806,0.74,0.94
6390,-1.38,-1.60
46647,-0.32,0.71
6625,0.48,-1.03
49605,0.87,0.27
72940,-1.82,-1.44
24783,-0.67,-0.79
22515,-0.23,1.21
3700,-0.28,1.52
53802,1.63,0.51
49955,-0.01,0.31
2456,0.74,-0.05
71515,1.01,-0.16
44662,0.08,1.44
38661,-0.63,-0.53
15978,-1.73,-1.43
35210,0.21,-0.44
49930,1.10,-0.05
27789,0.61,-0.34
45325,-0.63,-0.37
31092,-0.58,2.09
40705,0.17,0.33
28513,1.32,-1.06
12367,1.01,0.06
63915,-0.19,3.69
10166,1.01,1.30
35999,0.39,-0.65
8964,-0.41,1.17
38207,1.58,-1.20
52681,-0.19,0.84
38980,0.79,-0.32
33924,-0.76,-0.85
10135,-0.28,0.03
46517,1.01,1.66
65966,-1.20,-0.80
56575,0.34,0.56
43138,-1.25,-0.97
36633,-1.84,-1.08
11632,0.74,-0.02
31153,1.01,-0.01
52247,1.41,1.25
61987,-0.14,0.43
64416,0.39,1.15
31708,-1.34,-0.46
62296,0.03,-0.15
53976,-0.28,-0.48
16446,-1.82,-1.54
51329,0.21,-0.15
33560,1.67,-0.04
37866,1.45,1.11
8553,0.65,0.48
5654,-1.43,-0.79
17238,-1.51,-1.64
45252,0.48,-0.69
14444,-0.28,2.15
46503,-1.20,-1.03
18578,-1.43,-1.55
917,-0.50,-0.85
60981,-0.76,0.54
28873,-0.98,0.48
25446,0.08,1.59
54127,-0.14,-0.61
63478,-0.10,-0.11
15464,1.23,-0.60
63312,-1.20,-0.69
55681,-1.60,-0.75
63804,-0.72,-1.09
10321,-0.94,-0.52
56339,1.58,-0.36
56277,-0.23,-0.60
33657,0.92,-1.22
7054,-1.73,-1.36
72393,-0.89,-0.60
68059,-0.36,1.61
14996,1.01,-0.11
841,-0.41,1.03
22880,-1.07,0.42
1552,1.32,0.89
68853,1.18,2.38
49190,0.08,0.41
49277,-0.41,3.41
711,1.67,-0.85
1953,-1.88,-1.12
34900,-1.34,-1.82
13237,0.61,-0.06
61684,-0.23,-1.06
28382,-0.98,-1.16
13768,-0.23,-0.70
32726,-0.10,-0.48
65729,-0.76,0.15
6422,0.21,0.56
11382,-1.12,-0.62
31703,1.01,-0.14
33439,-0.72,-0.95
5647,-1.12,-0.43
1847,-1.03,N/A
12900,-1.43,-0.90
28367,-1.60,-1.27
71551,0.48,-0.89
13846,-0.01,0.22
61667,0.79,0.12
46079,-0.54,-0.02
7871,-0.14,0.84
60964,1.23,0.03
72562,0.61,0.50
63773,-1.34,-0.78
53998,-0.98,0.31
16617,0.87,0.01
54117,-1.60,-1.26
5987,1.54,-0.61
72215,1.01,-0.95
39796,-0.10,-0.11
12345,-1.43,-0.16
65636,0.52,-0.02
47356,-0.05,-0.56
27859,0.34,-0.50
41715,1.58,0.09
38617,-0.67,0.13
32638,1.32,0.85
47799,-0.05,-0.13
41942,-0.28,1.75
69010,1.54,-0.98
47144,1.36,-0.05
65103,0.70,-0.42
6472,1.54,N/A
27596,1.71,0.28
59522,1.23,0.19
51512,-1.07,-0.76
53821,-1.12,0.38
51532,0.43,2.53
50070,0.83,1.80
41654,-1.78,-0.90
5714,0.26,0.84
2304,0.34,-0.58
8543,0.43,-0.74
45279,-1.47,-1.32
57870,0.48,1.72
56961,-0.14,0.43
8623,-1.78,-0.80
21346,-1.38,-1.41
36922,0.56,-1.34
19814,-0.01,-0.25
22151,-0.67,0.40
47802,-0.67,-0.70
25404,0.56,0.32
43487,-1.29,-0.83
58313,0.87,0.00
16629,-0.63,-0.19
60675,0.21,3.60
1119,0.17,-0.06
64864,0.87,-0.69
55244,-0.14,-0.08
23568,-0.14,1.19
56979,0.52,0.56
66006,-0.01,0.56
40447,0.70,-0.01
62798,1.54,0.41
38397,-0.72,0.00
66945,0.26,-0.43
44992,-1.29,-0.38
50009,-1.16,-1.20
5170,-0.05,-0.65
16263,-0.32,-0.51
16024,-1.07,-1.32
47057,0.52,0.22
34045,-1.56,-1.63
59691,0.56,0.46
49261,0.48,-0.19
30734,-1.25,0.17
72184,-0.01,-0.69
37440,0.39,0.90
54400,0.83,-0.52
56547,0.48,-0.18
13598,0.74,1.41
24246,-1.60,-1.37
29276,-1.78,-1.29
20979,-0.19,-0.67
46048,0.74,0.10
35217,0.74,1.89
11816,0.12,-0.20
48721,-0.76,-1.11
24163,-1.38,-0.65
8022,-1.20,-0.95
10950,-1.82,-0.48
21830,1.71,-1.40
26594,-0.50,0.71
14789,0.83,-0.23
46670,1.41,-0.36
31426,1.67,1.85
64435,-0.28,0.55
68789,-0.67,1.06
56254,-0.81,1.58
17478,0.03,0.83
59908,-1.43,-0.36
34130,0.48,-0.56
22282,0.39,N/A
21110,-0.01,0.48
71622,0.56,0.04
10056,-0.28,-1.08
2424,0.74,0.59
24736,-1.73,-1.90
8920,0.34,0.59
62715,1.71,-0.18
70615,0.56,0.82
43507,0.74,0.15
43035,-0.36,0.47
44799,-0.50,2.37
49053,0.08,0.34
33102,-1.47,-0.69
59405,1.10,1.45
18283,0.34,0.66
4929,-1.56,-1.63
37289,0.87,-0.32
6202,-1.73,-1.26
24106,-0.45,0.74
32126,0.56,-0.71
56322,0.26,0.47
54869,-0.58,-0.37
40887,-1.20,0.79
29764,-1.83,-1.31
38287,0.48,0.19
53426,0.26,0.50
14943,-1.16,-0.93
65351,-1.43,-0.71
61830,0.34,0.32
71777,1.36,-0.33
69059,-0.05,-1.12
11908,1.14,-0.08
24955,-0.94,1.47
61477,-0.81,-1.31
724,-1.16,2.01
22614,0.92,-0.46
61997,0.30,-0.08
6605,0.39,1.40
46987,0.96,N/A
70428,-0.28,0.74
2267,-0.54,0.38
25476,0.39,0.78
52960,0.56,0.48
56600,-0.01,0.22
9394,-1.43,-0.13
42400,-1.82,-1.08
36210,-1.20,0.09
34416,-0.89,-0.69
37192,-0.14,2.23
20237,-1.25,-0.19
60635,0.21,-0.47
32571,-0.45,-0.39
52368,0.12,0.56
66786,0.43,-0.15
12668,1.10,0.00
64155,0.74,0.54
17885,0.61,1.17
18930,0.34,-0.13
15728,-1.89,-1.46
71846,1.45,-0.23
37515,0.12,-0.79
25763,-0.89,-0.08
16566,-1.51,-0.94
30836,0.43,0.14
68060,-1.73,-1.31
51958,0.83,2.08
45285,-0.28,1.38
19271,1.71,0.33
6576,-0.45,-0.72
6850,-1.78,-0.20
25798,-1.29,-0.30
28611,-1.20,-1.22
15061,-0.14,-0.36
40323,-1.12,-1.16
40842,-0.63,-0.48
23765,0.56,1.07
66287,-0.45,0.18
50804,-1.82,-1.63
25927,-0.32,-0.48
41970,-0.58,-0.28
54206,-0.54,0.05
46691,-1.20,1.25
37553,0.65,0.88
27507,-1.07,-0.92
68209,0.17,0.32
42841,0.70,-0.25
51889,-0.14,0.52
72725,-0.76,-0.56
18605,-1.16,2.04
23599,-0.58,-0.43
45530,-1.07,-0.87
56425,1.54,-0.58
69972,0.52,0.45
5774,0.70,N/A
13307,0.61,0.54
72188,-0.45,-0.28
60226,-0.36,1.15
34940,-0.50,1.36
4403,0.52,-1.16
33051,-0.67,0.14
37668,-0.81,-0.74
27276,0.08,0.69
37808,-0.41,1.21
21678,-0.45,0.50
40087,0.96,0.70
38658,0.83,2.00
30353,-0.32,0.50
28803,-0.54,-0.32
10445,0.48,-0.20
12812,0.43,0.45
72289,0.03,1.82
30433,1.49,0.60
37640,1.05,-0.32
54378,0.21,2.29
34138,-0.05,0.94
72160,1.27,0.76
44447,0.26,0.09
5927,-1.85,-1.58
44233,0.08,0.83
56021,0.87,-0.67
65038,-0.45,0.54
3595,-0.50,1.44
25783,-1.89,-1.79
68268,0.87,0.75
7564,1.18,0.59
26723,0.61,0.38
9995,-1.56,-1.63
68074,0.48,2.71
8385,-0.28,0.89
21796,0.70,1.36
53115,1.54,-0.18
27623,0.70,0.43
70823,-1.47,-1.72
5173,-0.98,-0.06
21852,-1.82,-1.20
24711,0.52,-0.50
21967,-1.03,-0.33
36793,-0.23,1.36
37492,-0.45,1.24
45658,-1.29,0.64
6264,-0.50,0.42
37507,-0.50,-0.48
50557,1.10,1.08
21973,1.18,0.15
53346,-0.85,-0.24
41210,0.03,0.45
29078,-0.19,-0.27
24873,1.67,-0.22
15387,-1.07,0.99
63880,1.14,0.90
49833,-0.05,1.06
43773,-1.56,-1.25
53095,-1.56,-0.90
56185,-0.67,-0.30
57043,1.01,0.78
55545,1.01,0.47
60899,0.17,-0.64
16136,1.54,0.61
11843,0.96,0.06
3609,1.54,0.01
29172,1.10,-1.11
49894,1.54,N/A
6048,0.96,-0.19
16029,1.18,-0.50
63022,0.70,0.23
40041,-0.54,-0.75
6924,-0.50,-0.29
22590,-1.69,-1.37
25878,0.52,2.32
11169,0.79,0.10
44355,0.21,-1.15
31113,-1.86,-1.99
46514,0.30,0.48
67466,0.87,0.37
3612,1.05,0.32
66590,-0.01,-1.08
19611,0.70,0.55
47216,0.17,0.20
55591,0.30,0.18
24381,0.34,0.68
8037,0.03,0.70
23911,-0.19,2.45
31596,-0.85,-0.78
44647,0.83,0.20
51486,0.79,0.89
18263,1.54,0.61
41930,-1.25,-0.61
45922,-0.89,-0.44
52934,1.58,-0.43
18020,0.61,0.04
2044,1.18,N/A
63467,-1.51,-1.46
38642,0.52,0.13
5387,1.71,-0.94
68417,-1.07,-0.53
22477,-0.10,-0.48
23968,1.58,0.70
8111,-0.89,-0.13
15282,1.49,0.33
54395,1.54,0.37
25408,-0.85,0.15
69284,1.67,-0.32
28348,0.12,-0.22
46015,-0.63,-0.81
69047,0.70,0.12
39706,-0.10,-0.36
9143,-1.16,-0.51
64879,-1.56,-0.69
17130,-0.89,0.15
16420,0.08,1.07
7529,1.05,-0.43
54022,1.54,0.82
35660,-1.12,-0.16
50605,-0.36,-0.02
27803,0.48,0.13
68981,1.23,0.68
61505,-0.85,-0.51
70677,0.74,1.01
49620,1.41,-0.56
5319,0.21,0.73
51100,0.83,0.14
163,-1.03,-0.01
55140,1.14,-0.04
52882,0.74,-0.67
54344,-1.38,-1.12
2550,-0.67,-0.99
58610,0.52,0.66
16902,1.18,N/A
60603,0.34,0.08
808,-1.20,1.13
61881,0.56,0.29
41600,0.39,0.28
12786,0.70,0.68
11935,-1.51,-1.43
44655,-0.41,1.31
48644,0.17,-0.85
41527,0.12,0.08
50975,0.26,-0.24
49179,-1.47,-1.54
27509,1.45,-0.71
19191,1.71,0.59
25149,-1.78,-1.69
42626,1.45,-0.09
2578,-1.20,-0.80
55975,0.03,-1.11
62182,-1.16,-0.85
12037,1.32,-0.80
21963,-0.54,-0.28
26250,-1.16,-0.76
13960,-1.12,-0.94
56573,1.32,0.18
10659,-1.56,-1.79
50763,-0.05,-0.58
62075,-0.14,-1.46
10119,1.58,0.01
48127,0.43,-0.33
65892,0.65,2.90
33370,0.21,0.04
59049,-1.16,-1.35
53896,-0.89,-0.89
21980,-1.51,-1.60
70497,1.67,-0.19
58652,-1.20,-1.08
30335,-0.98,-0.72
26305,-0.63,0.18
31227,-1.56,-1.55
5581,-0.19,0.27
1989,-0.28,N/A
43803,0.92,0.59
41395,-1.51,-1.51
71784,-1.16,-1.21
57979,-1.56,-1.82
54437,0.83,0.42
67159,1.32,1.12
7230,0.21,-0.19
68306,-1.16,-0.50
33087,-1.47,-1.12
40850,1.36,-0.92
57612,0.83,1.19
37029,-1.69,-1.51
338,-0.01,-0.06
9565,-0.19,0.14
3623,-0.28,0.66
69723,-1.25,-1.22
47662,-0.32,-0.93
58495,-0.41,0.51
71222,1.41,-0.22
37865,0.43,-0.14
20185,0.79,0.13
41875,0.08,-0.06
67602,-1.16,-0.61
40387,-1.16,-0.62
43208,-1.07,-0.70
54324,0.48,0.47
51110,0.34,0.54
36969,0.03,0.62
48118,1.71,0.18
4607,0.26,1.02
62471,-0.41,0.10
43821,0.87,1.26
7218,1.58,0.26
23427,1.67,1.02
66014,-1.29,-1.29
41652,-0.54,-0.43
16605,0.61,0.43
42091,-0.50,-0.39
66067,1.01,0.28
50222,-0.94,-0.13
41214,-1.85,-1.31
72386,-1.03,-1.12
14918,-0.10,-0.28
55457,0.21,0.18
63323,0.26,0.19
35446,1.32,0.14
8208,-1.07,-0.51
5131,0.34,4.08
68157,-1.86,-0.58
4795,-0.54,1.25
7581,-1.73,-1.31
47383,-1.83,-1.50
14036,0.03,0.06
25942,-1.73,-1.53
24018,0.52,0.68
27801,-0.41,-0.16
52978,-0.58,2.41
15593,-1.60,-1.27
11098,1.41,-0.57
12015,-1.29,-0.47
47348,0.79,0.23
44155,0.52,-0.36
62656,-1.29,-0.46
8838,-0.32,0.50
42563,0.61,2.14
31254,-1.03,-0.55
27922,-0.50,0.43
1696,-0.01,2.38
54162,-0.01,0.70
70396,-1.86,-1.36
65907,0.26,1.99
49451,0.43,0.98
68601,-1.12,-1.21
13236,-1.34,-0.76
65998,-1.69,-1.13
5875,-0.28,0.92
47427,0.26,-0.20
29734,0.08,1.69
72715,0.30,-0.32
59847,-1.38,-0.67
59911,-1.38,-1.31
13583,-1.69,-1.39
22897,-0.19,0.28
11898,-0.10,0.14
14785,-0.10,1.90
45163,0.17,-0.65
57254,0.61,0.93
30658,-1.20,0.47
32617,-1.78,-1.39
65376,0.96,-0.43
1731,1.63,0.13
38441,0.65,0.41
22147,1.36,-0.44
50663,0.83,-0.70
19165,-0.45,-0.70
60562,-0.98,-0.90
22013,-1.16,0.24
39936,0.26,1.15
6517,-0.85,1.73
62576,0.56,-0.70
18636,-0.76,0.83
24299,0.48,0.43
40826,-0.05,-0.24
53323,-0.41,2.22
28717,0.56,0.15
53028,-0.19,0.74
57757,1.49,-1.35
54795,-1.38,-1.62
70267,0.96,0.55
34084,-1.60,-1.31
20258,-0.81,-0.48
65333,-0.54,-0.61
56629,-1.29,0.54
22417,-1.69,-0.52
49925,0.74,-0.70
72696,0.43,3.21
39708,0.52,0.00
60426,1.14,1.17
70540,-0.19,1.06
37622,-1.90,-1.18
44813,-0.41,0.01
47153,1.63,-0.28
8175,-1.03,-1.07
61528,0.08,0.66
38771,-0.10,1.72
31189,0.48,1.12
27804,-0.89,1.30
41842,1.41,0.00
11962,-0.32,0.23
45404,1.41,0.62
4062,1.27,N/A
63650,0.17,0.41
72186,-1.25,1.48
40240,-0.14,-0.52
25931,1.23,0.37
21292,-0.23,-0.24
25391,-1.47,-1.93
65469,-1.43,-0.70
29487,-1.88,-1.59
63575,-1.51,-1.78
30457,0.43,1.26
5951,-0.67,1.24
8690,1.67,0.42
32147,-1.85,N/A
47691,-1.20,0.22
25982,-0.85,-0.10
70058,0.83,0.80
61868,0.83,-0.90
46086,0.70,-0.10
68596,-1.07,-0.09
10281,0.34,-0.06
31409,-0.23,1.08
54067,-0.76,-0.90
9731,-1.34,-1.16
24009,-1.73,-1.62
61694,0.52,0.60
7453,0.03,-0.98
66405,-0.54,-0.06
2138,0.65,N/A
66650,-1.16,1.55
59945,-0.89,-0.51
16245,0.34,3.53
68094,0.12,-0.01
64661,1.67,0.61
61376,-0.23,1.24
47236,0.30,0.62
875,-0.41,-0.83
63986,0.74,1.07
55410,0.30,-0.70
63287,0.26,1.30
3720,-1.82,-0.98
20274,0.17,0.29
50338,-0.41,-0.11
58209,-0.94,-0.99
20634,-1.43,-1.68
3251,0.48,0.03
12677,0.74,-0.36
45160,-1.78,-1.62
67940,0.12,-0.23
8145,-0.58,-0.01
39393,0.87,1.15
57710,0.30,-0.93
12487,0.96,0.15
16513,1.54,0.10
42297,-0.32,-0.32
63656,-1.12,2.18
56233,0.03,-0.36
22591,-1.73,-0.72
23757,0.74,-0.06
19601,-1.07,-1.07
61801,-1.25,-0.55
949,-1.03,0.42
10995,1.45,0.20
1503,-0.54,N/A
37431,-0.19,-0.51
53697,0.65,-0.30
67012,0.92,0.71
30525,1.58,-0.94
25860,-1.43,-1.65
21743,-1.73,-1.43
25833,-0.01,-0.30
64652,0.03,-0.57
45710,-0.28,-0.29
27853,-0.41,-0.64
5964,0.70,0.15
6976,-0.14,-0.67
11145,-1.56,-1.34
39229,-0.85,0.41
14189,-1.12,-0.57
49929,-1.03,-0.20
56328,1.18,0.75
26742,1.10,-0.06
63158,-1.16,1.44
27435,-1.16,0.28
10829,-0.98,-0.62
70593,-0.23,1.17
42647,0.70,0.13
48109,1.58,-0.56
40732,0.30,2.62
58635,1.27,0.84
844,0.48,0.08
14688,0.03,-0.01
23026,0.21,-0.87
30463,-0.63,0.06
50140,0.03,2.05
36837,0.79,-0.23
57333,0.65,-0.08
19826,1.67,-1.12
37713,-0.63,0.31
6278,-1.69,-1.44
15517,-0.36,-0.56
25326,-0.14,-0.61
57034,-0.28,0.31
70718,-0.45,0.33
47461,-0.36,0.13
50091,-0.23,0.17
62416,-0.76,-0.14
5288,-1.47,-1.69
66951,1.27,-0.33
28335,-0.98,-0.52
67465,-1.03,-1.50
67426,-1.86,-1.09
19508,-0.76,-1.30
65405,1.58,-0.01
49773,1.54,-0.02
57159,0.56,-0.55
69710,0.12,-0.46
58834,0.52,0.10
42007,-0.10,N/A
5121,-0.58,-0.99
44878,0.43,-0.25
40220,-0.50,-0.34
19692,-0.23,-0.33
27616,-0.45,-0.52
19801,0.03,-0.50
21467,0.03,0.73
25102,0.34,1.76
28788,-0.14,N/A
29028,-0.10,-0.56
15581,-1.69,-1.22
16738,-0.05,0.05
31836,-1.65,-0.87
43496,0.12,-0.14
52677,0.17,-0.53
11630,-0.81,-0.46
53478,-0.14,1.57
38349,0.26,2.38
48425,-0.98,-0.70
64420,0.79,-0.79
60271,1.54,0.10
38009,-0.10,0.43
11184,1.71,1.02
68967,-0.19,-0.15
66684,1.18,-0.58
7789,-0.54,1.08
40112,-0.28,-0.48
65814,-0.98,-0.58
49598,1.63,-0.58
15599,-0.98,-0.02
62425,-1.69,-1.54
52652,1.67,0.88
71957,-0.36,1.41
17231,-0.85,-0.58
30379,0.39,-0.42
63997,1.18,1.13
39935,-0.41,-0.75
8203,-1.16,-1.01
27446,-1.56,-1.71
42709,-1.84,-1.50
22691,-0.63,-0.11
37680,0.52,1.52
24552,0.03,1.10
72914,-1.07,-0.60
29540,1.05,-0.25
53525,1.27,0.54
65411,0.34,-0.90
26214,0.87,0.74
22190,0.92,0.17
56714,-1.88,-1.54
4211,-0.76,-1.01
6369,0.70,0.26
56799,1.45,1.27
32235,0.08,N/A
28048,-1.34,-0.58
68598,-1.86,-1.46
41512,0.61,-0.09
64520,1.10,1.52
579,-1.51,-1.45
7293,-0.14,N/A
68398,1.71,-0.08
36901,0.08,-0.56
45010,0.61,-0.92
22127,-1.12,2.29
14180,-1.34,-1.31
18234,1.63,N/A
44873,1.67,1.41
19723,-0.36,0.22
37544,0.34,-0.42
44679,0.03,-0.34
